source_register,source_id,source_title,source_original_severity,source_date,source_baseline_sha,source_recorded_disposition,source_evidence,source_failure_scenario,source_affected_users_data,source_prerequisites,source_test_limitations,source_acceptance_criteria,source_recommended_fix,source_rollout_considerations,source_production_evidence,source_artifact_hash,source_code_status,source_migration_status,source_deployment_status,source_enabled_status,source_exercised_status,source_rollback,source_willow_impact,source_cross_tenant_impact,source_provider_impact,source_category,source_classification_rationale,source_data_migration_required,source_risk_at_stake,source_business_impact,source_confidence,source_existing_controls,source_why_controls_insufficient,source_required_regression_tests,source_reproduction,source_classification,source_domain,source_exact_source_location,source_confidence_rating,source_exploitability,source_affected_scope,source_current_exposure,source_remediation_effort,source_affected_personas,source_affected_tenants,source_affected_workflows,source_affected_feature,source_affected_launch_scenarios,canonical_id,current_severity,current_status,current_exposure,production_reachable,launch_gate,train,required_prs,depends_on,unscheduled_reason,last_verified_sha,last_verified_at
Hone_Independent_Audit_2026-07-27.md,F-CLIN-000,"Finalized authoritative structured areas are mutable, unsigned and outside correction lineage",P0,2026-07-27,"(the July-27 audit states no repository SHA; its §1.2 source identity is ZIP comment 058b8bcbd1a80d6aa89c47f9357e1964328f220d, SHA-256 160b2789d6e093ca0ef6cd20560ae2ed49fe9c831242622a03c371f13dd2c324)",,"Migration 0128 defines `session_block_areas` as the authoritative ordered area/laterality rows and explicitly grants authenticated studio members SELECT/INSERT/UPDATE/DELETE under an `FOR ALL` membership policy. The finalization trigger list predates this table and does not guard it. The signed snapshot does not include it, and the correction dispatcher has no structured-area target.","After finalization, a practitioner—or any authenticated member able to call PostgREST—deletes “left cheek” and inserts “right cheek,” or removes all areas. The finalized status and original signed hash remain unchanged. No correction version preserves or restores the prior authoritative rows.","Finalized treatment records, treated-area history, laterality, practitioner trust, exports and any future decision support derived from those rows.",Authenticated membership in the same studio and knowledge of a block identifier; no owner role or special service credential is required.,Migration-shape/source tests can prove the policy text but do not prove immutability. Existing finalization tests cannot cover a table that was added later unless explicitly updated.,"Fresh-DB test: finalize a record, then assert direct insert/update/delete and area-replacement RPC all fail; assert a reasoned correction creates immutable before/after versions; assert snapshot hash changes when area/laterality/order changes.",Emergency containment migration: attach a finalized-parent guard to `session_block_areas`; revoke direct INSERT/UPDATE/DELETE from `authenticated`; permit mutations only through a validated draft-only command. Add structured areas to canonical snapshot v2 and correction/amendment support. Run a production-safe audit query for post-finalization area mutations before enabling or expanding use.,"Forward-only migration. First contain writes, then introduce snapshot v2/correction support. Do not rewrite historical signed snapshots silently; version the snapshot schema and record any remediation as an attributed correction.",,712a9f7acd3e3c0f929206023630b08777af893667177e95ac1c0689d4f82beb,,,,,,,,,,,,,,,,,,,,Confirmed defect,Clinical integrity,"`supabase/migrations/0128_session_block_areas.sql:26-43,77-90`; `0119_clinical_record_finalization_phase1.sql:202-273,391-414`; `0129_atomic_session_block_area_writes.sql:152-171`; `0120_clinical_record_corrections_amendments_phase2.sql:719-741`",High,Easy,multiple records within one studio; potentially multiple studios,Active in the code/schema. Whether migration 0128 is hosted-applied is reported but not independently verified; production row exposure is therefore unknown.,M,,,,,,HN-001,P3,PRODUCTION_VERIFIED,NOT_REACHABLE_IN_PRODUCTION,false,NOT_REQUIRED_BY_CURRENT_PRODUCT_DECISION,NONE,,,,c64366c9ba4130283932bbe21e32bf2ed62c4975,2026-07-30
Hone_Independent_Audit_2026-07-27.md,F-CLIN-001,Finalization can race a child write and sign a state different from the committed finalized rows,P1,2026-07-27,"(the July-27 audit states no repository SHA; its §1.2 source identity is ZIP comment 058b8bcbd1a80d6aa89c47f9357e1964328f220d, SHA-256 160b2789d6e093ca0ef6cd20560ae2ed49fe9c831242622a03c371f13dd2c324)",,"Child-table write guards perform a plain parent-status SELECT. The finalizer locks only the session row, builds the snapshot, hashes it and inserts finalization artifacts. It does not lock every child row/table or force child mutations through a lock-compatible command.","Transaction A begins an update while the session is draft and its trigger observes draft status. Transaction B locks the session, snapshots children and finalizes. Transaction A then commits the already-authorized child mutation after the snapshot. The row is finalized, but the signed artifact describes the pre-mutation state.","All clinical child fields guarded by the trigger model, including blocks, modality entries and images; integrity attestations and corrections.",Two overlapping authenticated requests against the same draft session.,"Existing tests cover concurrent finalizer-versus-finalizer calls, not finalizer-versus-child-write interleavings. Source tests cannot establish transaction ordering.","DB integration test with two independent transactions and barriers: child mutation pauses after authorization, finalizer completes, child commit must block then fail; repeat for each child table and structured areas.",Use a single per-session advisory/row-lock protocol for every clinical mutation and finalization. Commands that mutate children should lock the parent `FOR UPDATE` before checking draft status; finalization should acquire the same lock before collecting the snapshot.,Ship after the P0 guard or in the same containment series. Keep finalization disabled until the concurrency test passes from a fresh DB.,,712a9f7acd3e3c0f929206023630b08777af893667177e95ac1c0689d4f82beb,,,,,,,,,,,,,,,,,,,,Confirmed defect,Clinical integrity / concurrency,"`supabase/migrations/0119_clinical_record_finalization_phase1.sql:285-414,458-590`",High,Moderate,one record,Active in code; practical frequency unknown. Production exposure depends on finalization flag and real usage.,M,,,,,,HN-002,P3,SUPERSEDED_BY_PRODUCT_DECISION,NOT_REACHABLE_IN_PRODUCTION,false,NOT_REQUIRED_BY_CURRENT_PRODUCT_DECISION,NONE,,,,c64366c9ba4130283932bbe21e32bf2ed62c4975,2026-07-30
Hone_Independent_Audit_2026-07-27.md,F-CLIN-002,The signed finalization snapshot omits authoritative clinical fields added after the original design,P1,2026-07-27,"(the July-27 audit states no repository SHA; its §1.2 source identity is ZIP comment 058b8bcbd1a80d6aa89c47f9357e1964328f220d, SHA-256 160b2789d6e093ca0ef6cd20560ae2ed49fe9c831242622a03c371f13dd2c324)",,The snapshot builder serializes a subset of session/block/entry/image fields. It does not include the authoritative `session_block_areas` rows and does not cover later probe-inventory linkage and conditional numbing fields introduced by migrations 0155/0156. A successful hash therefore is not a complete representation of the record visible to a practitioner.,"Two records with different structured areas, inventory-backed probe selection or numbing details can produce snapshots that do not reflect those differences. A verifier may report the hash as valid while important chart content has changed or was never represented.","Finalized clinical records, legal/clinical exports, dispute resolution and future audit verification.",A finalized session containing any omitted field.,Tests that assert the existence of a hash or a selected JSON shape can pass while the shape is incomplete. A completeness contract against the current schema is missing.,Golden DB tests create records differing one clinically meaningful field at a time and assert canonical snapshot/hash differences; verify round-trip rendering and export from the snapshot.,"Introduce a versioned canonical snapshot schema that includes every clinically authoritative table/field, sorted deterministically. Define explicit inclusion/exclusion rules and fail finalization if an unknown required schema version is encountered.",Do not mutate old snapshots. Store `snapshot_schema_version`; preserve legacy version verification and use attributed corrections/backfill attestations where needed.,,712a9f7acd3e3c0f929206023630b08777af893667177e95ac1c0689d4f82beb,,,,,,,,,,,,,,,,,,,,Confirmed defect,Clinical integrity / provenance,"`0119_clinical_record_finalization_phase1.sql:202-273`; `0128_session_block_areas.sql:26-43`; `0155_probe_inventory_chart_linkage.sql:55-77,129-145,200-212`; `0156_conditional_numbing_notes.sql:27-33,73-89,144-157`",High,Not applicable,all finalized records,Active in code; production use of finalization is reported as gated/disabled and is not independently verified.,L,,,,,,HN-003,P3,SUPERSEDED_BY_PRODUCT_DECISION,NOT_REACHABLE_IN_PRODUCTION,false,NOT_REQUIRED_BY_CURRENT_PRODUCT_DECISION,NONE,,,,c64366c9ba4130283932bbe21e32bf2ed62c4975,2026-07-30
Hone_Independent_Audit_2026-07-27.md,F-CLIN-003,Intake submission can overwrite a concurrent practitioner edit to the client profile,P1,2026-07-27,"(the July-27 audit states no repository SHA; its §1.2 source identity is ZIP comment 058b8bcbd1a80d6aa89c47f9357e1964328f220d, SHA-256 160b2789d6e093ca0ef6cd20560ae2ed49fe9c831242622a03c371f13dd2c324)",,"Submission uses a status compare-and-set for the intake, then separately reads the client, builds a patch from intake answers and updates the client by `id`. There is no version predicate, `updated_at` compare, field-level merge contract or transaction spanning submit and profile synchronization.","A practitioner corrects the client’s phone, birth date or other synchronized field while the client submits intake. The post-submit sync uses its earlier read and overwrites the newer practitioner value. Both actions appear successful.","Client demographics/contact data and downstream appointment, consent and communication workflows.",Concurrent profile edit and intake submission affecting the same synchronized field.,"The intake CAS test protects duplicate submission, not lost updates in the separate profile table. Ordinary unit mocks are unlikely to reproduce the interleaving.",Two-connection DB test: update client after intake read but before sync; command must preserve the newer value or return a conflict requiring review.,Move synchronization into a database command with explicit field authority and optimistic concurrency. Prefer storing intake answers as immutable submitted evidence and requiring a deliberate practitioner-reviewed merge for fields that can conflict.,Avoid silently re-running historical intake sync. Add a visible “profile differs from submitted intake” reconciliation state.,,712a9f7acd3e3c0f929206023630b08777af893667177e95ac1c0689d4f82beb,,,,,,,,,,,,,,,,,,,,Confirmed defect,Clinical data integrity / concurrency,"`app/intake/[token]/actions.ts:179-215,293-347`",High,Difficult,one client,Active path where intake submission is enabled.,M,,,,,,HN-004,P3,OPEN,REACHABLE_IN_PRODUCTION,true,BEFORE_TEN_STUDIOS,T5-intake,PR-06,,,c64366c9ba4130283932bbe21e32bf2ed62c4975,2026-07-30
Hone_Independent_Audit_2026-07-27.md,F-CLIN-004,A draft intake can be marked reviewed without ever being submitted,P1,2026-07-27,"(the July-27 audit states no repository SHA; its §1.2 source identity is ZIP comment 058b8bcbd1a80d6aa89c47f9357e1964328f220d, SHA-256 160b2789d6e093ca0ef6cd20560ae2ed49fe9c831242622a03c371f13dd2c324)",,"The review action updates the intake to `reviewed` using intake ID and studio scope. It does not require current status `submitted`, verify that the intake belongs to the route client, check one affected row, or capture a submitted version as the reviewed artifact.","A practitioner opens a client route with a stale/mismatched intake ID or triggers the action before submission. The record becomes reviewed even though answers are incomplete or still editable, creating a false clinical review signal.","Intake status, practitioner decision-making, audit records and any booking/treatment gate relying on “reviewed.”",Authenticated same-studio member and an intake identifier.,Happy-path UI tests may only exercise submitted intake. RLS membership prevents cross-studio access but not wrong-client or wrong-state transitions within a studio.,"DB tests for draft→reviewed rejection, wrong-client rejection, duplicate review idempotency and concurrent submit/review ordering.","Implement a database transition command requiring `status = submitted`, matching `client_id`, active practitioner attribution, submitted version/hash and exactly one affected row. Make invalid transitions fail closed.","Existing erroneously reviewed rows require a safe audit/reconciliation report, not silent downgrade.",,712a9f7acd3e3c0f929206023630b08777af893667177e95ac1c0689d4f82beb,,,,,,,,,,,,,,,,,,,,Confirmed defect,Clinical workflow integrity,`app/(app)/clients/[id]/intake/actions.ts:18-56`,High,Easy,one client,Active in code.,S,,,,,,HN-005,P1,OPEN,REACHABLE_IN_PRODUCTION,true,WILLOW_NOW,T5-intake,PR-06,,,c64366c9ba4130283932bbe21e32bf2ed62c4975,2026-07-30
Hone_Independent_Audit_2026-07-27.md,F-DATA-001,"The owner export is described as complete but omits material clinical, privacy, payment and media records",P1,2026-07-27,"(the July-27 audit states no repository SHA; its §1.2 source identity is ZIP comment 058b8bcbd1a80d6aa89c47f9357e1964328f220d, SHA-256 160b2789d6e093ca0ef6cd20560ae2ed49fe9c831242622a03c371f13dd2c324)",,"The export reads a selected set of CSV datasets and explicitly excludes image binaries/storage paths and payment tables. It also omits intake/health forms, consent signatures/templates, clinical snapshots/corrections/amendments, portal messages and several audit/provenance tables. The UI says data is exportable and the README/action copy describes broad completeness.","A studio leaves Hone, responds to an access request or needs a clinical/legal archive. The ZIP appears successful but lacks records required to reconstruct the full client history or verify finalized/corrected records. The studio may delete its account believing it has everything.","Every studio/client, clinical/legal records, privacy requests and switching trust.",Owner runs the export and relies on its completeness.,Tests can assert expected filenames without comparing export coverage to the current schema/storage inventory.,"Seed one row/object in every exportable table/bucket; export, validate manifest/checksums and import into a verification tool. Test large studios and revoked/deleted records under retention policy.","Define a versioned export manifest covering every tenant-owned table, consent/intake versions, snapshots/corrections, payment metadata, communication/audit records and image binaries with checksums. Generate a completeness report and allow independent validation.",Correct the UI immediately to say “partial export” until complete. Do not perform destructive offboarding based on the current artifact.,,712a9f7acd3e3c0f929206023630b08777af893667177e95ac1c0689d4f82beb,,,,,,,,,,,,,,,,,,,,Confirmed defect,Data portability / privacy,"`app/(app)/settings/data/actions.ts:47-192,158-163,746-817`; `app/(app)/settings/data/page.tsx:60,141`",High,Not applicable,all studios,Active functionality; no complete offboarding workflow was found.,XL,,,,,,HN-019,P1,OPEN,REACHABLE_IN_PRODUCTION,true,BEFORE_STUDIO_2,T0-copy,PR-02 PR-22,F-SCALE-001 F-DATA-002 F-RET-001,,c64366c9ba4130283932bbe21e32bf2ed62c4975,2026-07-30
Hone_Independent_Audit_2026-07-27.md,F-IMPORT-001,Quick Import is non-transactional and can strand clients without their treatment history,P1,2026-07-27,"(the July-27 audit states no repository SHA; its §1.2 source identity is ZIP comment 058b8bcbd1a80d6aa89c47f9357e1964328f220d, SHA-256 160b2789d6e093ca0ef6cd20560ae2ed49fe9c831242622a03c371f13dd2c324)",,"The action bulk-inserts clients, then inserts treatment-memory rows. If memory insertion fails, the clients remain while the batch is marked voided. A retry skips existing clients, so the original file may not repair the missing history. The final completed-state update result is also not checked.","A large import succeeds for clients but fails on one malformed/history row or transient DB error. Operators see a failed batch, retry, and receive duplicate-skips while the client profiles remain permanently detached from expected treatment memories.","Imported clients, historical treatment context, launch data quality and support workload.",Any failure after client insert and before all memory rows/final batch transition complete.,Happy-path import tests and per-row validation do not prove atomicity or idempotent recovery after a mid-batch fault.,Fault-injection DB tests at every phase; retry same batch must converge to one correct result; cross-tenant IDs and spreadsheet formula payloads must fail safely.,"Implement a transactional import RPC or staged tables with validate→preview→commit. Give every source row stable identity, upsert idempotently, persist rejected rows and support safe resume/rollback.","Until fixed, require verified backups and post-import reconciliation; label workflow operator-assisted and do not use it as a self-serve launch dependency.",,712a9f7acd3e3c0f929206023630b08777af893667177e95ac1c0689d4f82beb,,,,,,,,,,,,,,,,,,,,Confirmed defect,Import integrity,"`app/(app)/settings/import/actions.ts:81-98,208-320`",High,Not applicable,one studio import,Active owner workflow.,L,,,,,,HN-021,P1,OPEN,REACHABLE_IN_PRODUCTION,true,BEFORE_STUDIO_2,T10-data,PR-20,,,c64366c9ba4130283932bbe21e32bf2ed62c4975,2026-07-30
Hone_Independent_Audit_2026-07-27.md,F-PAY-001,"Any authenticated practitioner can choose an arbitrary session charge amount up to CAD 2,000",P1,2026-07-27,"(the July-27 audit states no repository SHA; its §1.2 source identity is ZIP comment 058b8bcbd1a80d6aa89c47f9357e1964328f220d, SHA-256 160b2789d6e093ca0ef6cd20560ae2ed49fe9c831242622a03c371f13dd2c324)",,"The action comments state the session price is a suggestion, accepts `amount_dollars` from the practitioner form, and permits any authenticated practitioner in the studio to initiate the charge. Stripe account, customer and payment method are server-derived, but amount authority is not owner-only or tied to an immutable invoice/service/session calculation.","A practitioner mistypes 500 instead of 50, manipulates the request, or intentionally charges an amount unrelated to the session. Idempotency can prevent duplicates but cannot make an unauthorized amount correct.","Clients, studio funds, refunds/disputes and card-authorization evidence.","Authenticated practitioner, eligible saved card/session and live payments enabled.",Payment tests can verify amount reaches Stripe exactly as requested and still miss authorization policy. Owner-run claims are contradicted by the action.,"Action/DB/E2E tests reject member-supplied arbitrary values, altered hidden fields, wrong session/client/account and excessive deviations; verify receipts use the final authorized amount.","Derive the default amount from server-authoritative services/session charges. Permit adjustments only to owners or an explicit role, with bounded reason codes, confirmation and audit. Consider dual confirmation above a threshold.","Before enabling another studio, reconcile existing charge attempts against expected service/session amounts and document the approved pricing authority.",,712a9f7acd3e3c0f929206023630b08777af893667177e95ac1c0689d4f82beb,,,,,,,,,,,,,,,,,,,,Confirmed defect,Payment authorization,"`app/(app)/clients/[id]/sessions/[sessionId]/payment-actions.ts:43-46,127-218,292-342,534-568`",High,Easy,one client or one studio,Active code. Reported live production exercise is not independently verifiable.,M,,,,,,HN-014,P1,PARTIALLY_FIXED,REACHABLE_IN_PRODUCTION,true,WILLOW_NOW,T2-payment,PR-03,,,c64366c9ba4130283932bbe21e32bf2ed62c4975,2026-07-30
Hone_Independent_Audit_2026-07-27.md,F-PRIV-001,Sentry can receive bearer credentials embedded in URL path segments,P1,2026-07-27,"(the July-27 audit states no repository SHA; its §1.2 source identity is ZIP comment 058b8bcbd1a80d6aa89c47f9357e1964328f220d, SHA-256 160b2789d6e093ca0ef6cd20560ae2ed49fe9c831242622a03c371f13dd2c324)",,"Request and breadcrumb scrubbing removes query strings but preserves path segments. Hone places high-entropy bearer credentials in the path. The generic regexes target emails, JWTs, Bearer headers and selected token-like formats; an opaque random path segment can survive. Error events or sampled traces can therefore transmit it to Sentry.","An exception, failed fetch breadcrumb or sampled trace occurs on a token route. The event contains the raw path. Anyone with Sentry access—or a disclosure at that processor—may replay an unexpired intake, appointment-management, portal or calendar-feed credential.","Client health/intake data, appointment controls, portal access and private calendar feeds.",Sentry enabled and an event/trace on a bearer-path route before token expiry/revocation.,"Unit tests that scrub query parameters/JWTs may pass without opaque path-token cases. PostHog has a stronger route boundary, but Sentry does not inherit it.","Sentry scrub tests with realistic opaque tokens in request URL, transaction, span description, breadcrumb and exception context; assert the token never appears in serialized event JSON.","Canonicalize sensitive routes to templates before Sentry processing, e.g. `/intake/[token]`; drop transaction names/URLs/breadcrumb data for all bearer routes; add server-side allowlisted route metadata instead. Rotate/revoke credentials after suspected leakage.",Deploy scrub before enabling tracing broadly. Review Sentry retention/access and search historical events for route patterns without exporting raw tokens.,,712a9f7acd3e3c0f929206023630b08777af893667177e95ac1c0689d4f82beb,,,,,,,,,,,,,,,,,,,,Confirmed defect,Token security / privacy,"`lib/observability/sentry-scrub.ts:183-190,213-222,320-324`; token routes under `app/intake/[token]`, cancel/manage/reschedule, portal verification and `app/calendar-feed/[token]`",High,Moderate,one user to multiple clients,"Gated by Sentry configuration, but active code posture.",S,,,,,,HN-016,P1,OPEN,REACHABLE_IN_PRODUCTION,true,WILLOW_NOW,T4-privacy,PR-05,,,c64366c9ba4130283932bbe21e32bf2ed62c4975,2026-07-30
Hone_Independent_Audit_2026-07-27.md,F-SCHED-001,"Availability, overrides, blockouts and service scheduling settings remain directly writable by any studio member",P1,2026-07-27,"(the July-27 audit states no repository SHA; its §1.2 source identity is ZIP comment 058b8bcbd1a80d6aa89c47f9357e1964328f220d, SHA-256 160b2789d6e093ca0ef6cd20560ae2ed49fe9c831242622a03c371f13dd2c324)",,Early RLS grants full membership-scoped DML to schedule configuration tables. Later atomic/locked owner actions improve the intended path but do not remove the direct table capability.,"A non-owner practitioner or compromised member account edits another practitioner’s availability, removes blockouts, changes service settings or races a booking without the owner checks, locking and audit semantics in the newer actions.",All practitioners and clients in a studio; booking reliability and operational trust.,Authenticated studio membership.,UI tests can confirm owner-only controls while direct PostgREST remains available. Negative grant/RLS tests are needed.,DB tests assert members cannot modify another practitioner/studio-wide settings; approved commands serialize with public/internal booking.,"Revoke broad DML; separate owner-managed studio policy, practitioner self-availability and system materialization commands. Each command should lock the same capacity authority used by booking.",Coordinate with public-booking command migration so there is one consistent lock protocol.,,712a9f7acd3e3c0f929206023630b08777af893667177e95ac1c0689d4f82beb,,,,,,,,,,,,,,,,,,,,Confirmed defect,Authorization / scheduling,`supabase/migrations/0010_booking_v1.sql:237-270`; compare owner-locked writers in migrations `0149` and `0150`,High,Easy,one studio,Active in schema.,L,,,,,,HN-008,P2,PARTIALLY_FIXED,REACHABLE_IN_PRODUCTION,true,BEFORE_THREE_STUDIOS,T8-schedule,PR-16,,,c64366c9ba4130283932bbe21e32bf2ed62c4975,2026-07-30
Hone_Independent_Audit_2026-07-27.md,F-SCHED-002,Public booking ignores the practitioner-capacity emergency booking kill switch,P1,2026-07-27,"(the July-27 audit states no repository SHA; its §1.2 source identity is ZIP comment 058b8bcbd1a80d6aa89c47f9357e1964328f220d, SHA-256 160b2789d6e093ca0ef6cd20560ae2ed49fe9c831242622a03c371f13dd2c324)",,Internal booking V2 locks the studio/capacity state and checks the booking-enabled control. Public booking inserts directly through the admin client after a slot recheck and never calls the authoritative command or the kill-switch check.,"An operator disables booking during a capacity incident or migration. Internal creation stops, but anonymous clients continue creating public appointments, defeating the emergency containment mechanism.","Studio calendar, clients, practitioners and incident response.",A studio with public booking enabled while the capacity/system gate is disabled.,Tests limited to the internal command can pass. A cross-entry-point gate test is missing.,DB/browser test toggles the kill switch between slot display and submit; submission must fail with a safe unavailable message and create no client/appointment side effects.,Route all public appointment creation through a public-safe authoritative DB command that checks global/studio/practitioner gates under the capacity lock immediately before insert.,Ship before relying on the kill switch operationally or enabling multi-practitioner public booking.,,712a9f7acd3e3c0f929206023630b08777af893667177e95ac1c0689d4f82beb,,,,,,,,,,,,,,,,,,,,Confirmed defect,Booking safety / operations,`app/book/[slug]/actions.ts:760-792`; `supabase/migrations/0146_authoritative_duration_and_availability_validator.sql:198-215`,High,Easy,one studio,Active code path; current flag use in production unknown.,M,,,,,,HN-009,P2,OPEN,NOT_REACHABLE_IN_PRODUCTION,false,BEFORE_THREE_STUDIOS,T9-public,PR-17,F-SEC-002,,c64366c9ba4130283932bbe21e32bf2ed62c4975,2026-07-30
Hone_Independent_Audit_2026-07-27.md,F-SCHED-003,Public booking is outside the capacity lock and can race schedule edits or authoritative internal commands,P1,2026-07-27,"(the July-27 audit states no repository SHA; its §1.2 source identity is ZIP comment 058b8bcbd1a80d6aa89c47f9357e1964328f220d, SHA-256 160b2789d6e093ca0ef6cd20560ae2ed49fe9c831242622a03c371f13dd2c324)",,"Public booking performs a slot recheck in application code and later inserts directly. It does not acquire the same studio/practitioner capacity lock used by internal booking and schedule writers, so the check and insert are not serialized with an availability change.","A public slot is rechecked as available. At the same time, an owner saves an override/blockout or another command reserves capacity. The public insert commits based on stale policy. A unique overlap constraint may catch exact appointment overlap, but not all buffer, capacity, archive or policy races.","Public clients, practitioner schedules, buffers and launch incident containment.",Concurrent public submit and schedule/capacity mutation.,Sequential tests and source assertions do not prove interleaving. Existing overlap tests may cover only hard appointment collision.,"Two-connection tests for public booking versus override, blockout, service archive, practitioner deactivation, internal booking and kill-switch toggle.",Move public booking into the same DB transaction/lock protocol as internal creation; derive service duration and practitioner eligibility under lock; atomically create client/consent/appointment/audit or return no side effects.,Requires a compatibility wrapper for the anonymous/token surface; do not expose a broadly executable unsafe RPC.,,712a9f7acd3e3c0f929206023630b08777af893667177e95ac1c0689d4f82beb,,,,,,,,,,,,,,,,,,,,Confirmed defect,Booking concurrency,"`app/book/[slug]/actions.ts:488-502,648-815`; authoritative lock protocol in migrations `0146`–`0150`",High,Moderate,one studio,Active code path.,L,,,,,,HN-010,P2,OPEN,REACHABLE_IN_PRODUCTION,true,BEFORE_TEN_STUDIOS,T9-public,PR-17,F-SEC-002,,c64366c9ba4130283932bbe21e32bf2ed62c4975,2026-07-30
Hone_Independent_Audit_2026-07-27.md,F-SCHED-004,DST conversion silently shifts nonexistent local times and cannot represent the second repeated hour,P1,2026-07-27,"(the July-27 audit states no repository SHA; its §1.2 source identity is ZIP comment 058b8bcbd1a80d6aa89c47f9357e1964328f220d, SHA-256 160b2789d6e093ca0ef6cd20560ae2ed49fe9c831242622a03c371f13dd2c324)",,"The helper explicitly documents that a Toronto spring-forward local time such as 02:30 maps one hour before the requested wall time, and a fall-back repeated 01:xx resolves to the first occurrence. Booking/move actions do not round-trip validate the selected wall time or expose an occurrence choice.","A practitioner enters 02:30 on spring-forward day and Hone records 01:30. On fall-back day, the second 01:30 cannot be selected. Reminders, calendar rendering, Google events and client expectations can disagree by an hour.",Appointments near DST transitions in any supported timezone with gaps/overlaps.,Use of a nonexistent or ambiguous local time.,"Existing tests may encode the current mapping as expected behaviour, creating false confidence rather than rejecting ambiguity.","Unit and browser tests for Toronto/New York spring-forward and fall-back, midnight boundaries, long services and Google/notification rendering.","Use a timezone library/API that detects nonexistent and ambiguous wall times. Reject gaps with a clear UI message. For overlaps, require/derive an explicit offset/occurrence and round-trip validate before writing.",Data audit for appointments created in transition windows; do not automatically shift historical rows without practitioner review.,,712a9f7acd3e3c0f929206023630b08777af893667177e95ac1c0689d4f82beb,,,,,,,,,,,,,,,,,,,,Confirmed defect,Scheduling correctness,`lib/booking/tz.ts:40-68`,High,Not applicable,one appointment,Active deterministic behaviour.,M,,,,,,HN-011,P3,OPEN,REACHABLE_IN_PRODUCTION,true,BEFORE_TEN_STUDIOS,T9-public,PR-18,F-SEC-002,,c64366c9ba4130283932bbe21e32bf2ed62c4975,2026-07-30
Hone_Independent_Audit_2026-07-27.md,F-SEC-001,A same-studio member can re-parent a draft clinical session to the wrong client through direct DML,P1,2026-07-27,"(the July-27 audit states no repository SHA; its §1.2 source identity is ZIP comment 058b8bcbd1a80d6aa89c47f9357e1964328f220d, SHA-256 160b2789d6e093ca0ef6cd20560ae2ed49fe9c831242622a03c371f13dd2c324)",,"Session and block policies are membership-scoped. The identity-freeze trigger protects selected session identity fields only after finalization. While draft, an authenticated studio member can update `client_id` directly if the row remains in the same studio.","A buggy client, malicious practitioner or copied UUID changes a draft session from Client A to Client B. Existing blocks/entries now appear under the wrong client, potentially exposing sensitive history and causing future treatment decisions to use another person’s record.","Client clinical histories, practitioner attribution, photos and treatment-memory views.",Same-studio membership and access to a draft session ID and another client ID.,Cross-tenant tests can pass because studio IDs remain correct. A same-tenant wrong-client negative test is required.,DB tests reject direct client/studio/practitioner re-parenting in draft and finalized states; test approved command only under owner/authorized role with audit event.,Freeze session identity from creation except through a dedicated audited reassignment command with strict no-child or explicit migration semantics. Revoke direct UPDATE on identity columns from authenticated users.,Audit existing sessions for identity changes where history permits. Avoid a blanket rewrite of affected records.,,712a9f7acd3e3c0f929206023630b08777af893667177e95ac1c0689d4f82beb,,,,,,,,,,,,,,,,,,,,Confirmed defect,Authorization / clinical integrity,`supabase/migrations/0087_clinical_rls_delete_hardening.sql:69-103`; `0119_clinical_record_finalization_phase1.sql:308-338`,High,Easy,one client or multiple clients in a studio,Active in code; direct PostgREST access is available under table grants/policies.,M,,,,,,HN-006,P2,PARTIALLY_FIXED,NOT_REACHABLE_IN_PRODUCTION,false,BEFORE_TEN_STUDIOS,T6-identity,PR-08,,,c64366c9ba4130283932bbe21e32bf2ed62c4975,2026-07-30
Hone_Independent_Audit_2026-07-27.md,F-SEC-002,"Broad authenticated appointment DML bypasses owner/member command authorization, invariants and audit",P1,2026-07-27,"(the July-27 audit states no repository SHA; its §1.2 source identity is ZIP comment 058b8bcbd1a80d6aa89c47f9357e1964328f220d, SHA-256 160b2789d6e093ca0ef6cd20560ae2ed49fe9c831242622a03c371f13dd2c324)",,"The appointment table is exposed under broad studio-membership DML while newer create/move commands implement role checks, capacity locks, authoritative duration and availability validation. A caller can bypass the newer command by calling PostgREST directly.","A practitioner changes duration, assignment, status or times directly, bypassing owner-only override rules, buffer semantics, kill switches and expected audit side effects. The database row may be valid structurally while violating scheduling policy.","Appointments, practitioner calendars, client notifications, payment eligibility and audit history.",Authenticated studio membership and direct Supabase API access.,"Server-action tests prove the command path, not that alternate table writes are impossible.","Direct DML negative tests for every restricted field/status transition; command tests assert locks, authority, audit and one-row effects.","Revoke authenticated INSERT/UPDATE/DELETE on appointments; expose narrow SECURITY DEFINER commands for create, move, cancel, complete, no-show and approved administrative repair. Use column privileges as an intermediate containment step.",Stage behind feature flags only if legacy clients require migration; instrument denied direct writes and provide an operator repair command.,,712a9f7acd3e3c0f929206023630b08777af893667177e95ac1c0689d4f82beb,,,,,,,,,,,,,,,,,,,,Confirmed defect,Authorization / scheduling,`supabase/migrations/0010_booking_v1.sql:272-277`; compare command controls in `0146_authoritative_duration_and_availability_validator.sql:198-347` and `0148_move_reassign_availability_validator.sql:66-190`,High,Easy,one studio,Active in schema. Whether browser code currently invokes it is irrelevant to direct-call risk.,L,,,,,,HN-007,P1,OPEN,REACHABLE_IN_PRODUCTION,true,BEFORE_STUDIO_2,T8-schedule,PR-16,,,c64366c9ba4130283932bbe21e32bf2ed62c4975,2026-07-30
Hone_Independent_Audit_2026-07-27.md,F-BILL-001,SaaS subscription billing and entitlements are absent,P2,2026-07-27,"(the July-27 audit states no repository SHA; its §1.2 source identity is ZIP comment 058b8bcbd1a80d6aa89c47f9357e1964328f220d, SHA-256 160b2789d6e093ca0ef6cd20560ae2ed49fe9c831242622a03c371f13dd2c324)",,"Stripe Connect client payments are distinct from billing studios for Hone. There is no demonstrated plan subscription, dunning, entitlement, trial, cancellation, invoice/tax or access-suspension control plane.",Paid acquisition requires manual invoicing and feature flags; failed payment does not map safely to access or data-retention state.,Hone revenue operations and every paying studio.,Commercial rollout beyond founder-managed pilots.,Payment tests for client charges do not cover SaaS billing.,"Fake-provider subscription lifecycle tests including duplicate/out-of-order webhooks, dunning, plan changes and cancellation.","After the safety pilot, build separate platform-billing customer/subscription/entitlement models with webhook idempotency, grace periods, manual override audit and no coupling to clinical data deletion.",Defer until studio #2 safety; required before scaling paid acquisition.,,712a9f7acd3e3c0f929206023630b08777af893667177e95ac1c0689d4f82beb,,,,,,,,,,,,,,,,,,,,Confirmed missing capability,Commercial operations,No complete subscription/customer/plan/entitlement lifecycle found in archive,High,Not applicable,all studios,Not built.,L,,,,,,HN-018,P3,NOT_A_LAUNCH_REQUIREMENT,NOT_REACHABLE_IN_PRODUCTION,false,BEFORE_PUBLIC_SELF_SERVICE,NONE,,,,c64366c9ba4130283932bbe21e32bf2ed62c4975,2026-07-30
Hone_Independent_Audit_2026-07-27.md,F-CAL-001,Calendar-feed bearer URLs lack rotation/revocation UI and last-used telemetry,P2,2026-07-27,"(the July-27 audit states no repository SHA; its §1.2 source identity is ZIP comment 058b8bcbd1a80d6aa89c47f9357e1964328f220d, SHA-256 160b2789d6e093ca0ef6cd20560ae2ed49fe9c831242622a03c371f13dd2c324)",,"The feed uses a high-entropy bearer URL, hash-only storage and generic busy content—good privacy foundations. The route comments defer a user-facing rotate/revoke capability, and no clear last-used telemetry is exposed.","A feed URL is pasted into the wrong service, appears in logs or a device is lost. The owner cannot easily rotate it or see whether it is still used, so exposure persists until manual intervention/expiry policy.",Practitioner availability privacy.,Token leakage or device change.,Route tests may validate hash and generic content but not lifecycle UX.,"Browser/route tests verify old token revocation, new token activation and no raw token in telemetry/Sentry.","Add owner-controlled rotate/revoke, overlapping cutover window, last-used timestamp/client fingerprint minimization and alerts for unusual use.",Coordinate with F-PRIV-001 before broader feed use.,,712a9f7acd3e3c0f929206023630b08777af893667177e95ac1c0689d4f82beb,,,,,,,,,,,,,,,,,,,,Confirmed defect,Token lifecycle / product,`app/calendar-feed/[token]/route.ts:7-42`,High,Moderate,one practitioner,Active if feed feature is enabled.,M,,,,,,HN-042,P3,PARTIALLY_FIXED,REACHABLE_IN_PRODUCTION,true,BEFORE_TEN_STUDIOS,NONE,,F-SEC-002,Google Calendar is dormant in production; no GCal PR is in this tranche.,c64366c9ba4130283932bbe21e32bf2ed62c4975,2026-07-30
Hone_Independent_Audit_2026-07-27.md,F-COMP-001,"Hosting, encryption and compliance-facing UI claims are not fully supported by evidence in the ZIP",P2,2026-07-27,"(the July-27 audit states no repository SHA; its §1.2 source identity is ZIP comment 058b8bcbd1a80d6aa89c47f9357e1964328f220d, SHA-256 160b2789d6e093ca0ef6cd20560ae2ed49fe9c831242622a03c371f13dd2c324)",,"One settings surface says data is hosted in Canada and encrypted at rest, while the privacy page says Supabase infrastructure is in the United States and Canadian residency is being evaluated. The ZIP cannot prove cloud region, backup encryption, processor contracts or current deployment topology.",A studio relies on the settings claim when deciding where sensitive data is stored. Contract/privacy representations conflict or become inaccurate as environments change.,All studios/clients and commercial/legal trust.,Display of claims without environment-derived verification and legal review.,Marketing copy tests may assert wording rather than truth.,Release gate checks a versioned claims manifest against environment/contract evidence; manual legal approval recorded.,Reconcile every public/in-app claim to a signed infrastructure and subprocessor register. Use precise wording: operated from Canada is not the same as data residency in Canada. Obtain qualified privacy/legal review.,Correct contradictory text before additional sales; do not claim compliance broadly.,,712a9f7acd3e3c0f929206023630b08777af893667177e95ac1c0689d4f82beb,,,,,,,,,,,,,,,,,,,,Documentation drift / legal review required,Privacy/compliance truthfulness,"`app/(app)/settings/data/page.tsx:60,141`; `app/privacy/page.tsx:185-200,398-404`; deployment/infrastructure evidence absent",High,Not applicable,all studios,Active documentation/UI inconsistency; actual hosting unknown.,M,,,,,,HN-038,P1,OPEN,REACHABLE_IN_PRODUCTION,true,WILLOW_NOW,T0-copy,PR-02,,,c64366c9ba4130283932bbe21e32bf2ed62c4975,2026-07-30
Hone_Independent_Audit_2026-07-27.md,F-COPY-001,Whole-session-copy provenance can disappear through cascading deletes,P2,2026-07-27,"(the July-27 audit states no repository SHA; its §1.2 source identity is ZIP comment 058b8bcbd1a80d6aa89c47f9357e1964328f220d, SHA-256 160b2789d6e093ca0ef6cd20560ae2ed49fe9c831242622a03c371f13dd2c324)",,"The provenance ledger references source and target with `ON DELETE CASCADE`. Deleting either record can erase evidence that settings were copied, weakening historical attribution even though the copy itself is carefully designed.","A session is deleted under an administrative/retention path. The ledger row disappears, and downstream reviewers can no longer see that another record originated from it.",Copied session provenance and audits.,Deletion of source/target record.,Copy correctness tests may not exercise deletion/retention.,DB test deletes/archives source/target and verifies provenance remains interpretable.,Use durable tombstone identifiers or `ON DELETE RESTRICT/SET NULL` with immutable source fingerprint and human-readable provenance retained according to policy.,Coordinate with retention/legal-hold design.,,712a9f7acd3e3c0f929206023630b08777af893667177e95ac1c0689d4f82beb,,,,,,,,,,,,,,,,,,,,Confirmed defect,Clinical provenance,`supabase/migrations/0157_whole_session_copy_setup.sql:68-95`,High,Not applicable,one copied batch,Active schema if 0157 applied; deployment unknown.,S,,,,,,HN-048,P3,OPEN,REACHABLE_IN_PRODUCTION,true,BEFORE_TEN_STUDIOS,T10-data,PR-27,F-RET-001,,c64366c9ba4130283932bbe21e32bf2ed62c4975,2026-07-30
Hone_Independent_Audit_2026-07-27.md,F-EXEC-001,Critical local verification lanes were environment-blocked,P2,2026-07-27,"(the July-27 audit states no repository SHA; its §1.2 source identity is ZIP comment 058b8bcbd1a80d6aa89c47f9357e1964328f220d, SHA-256 160b2789d6e093ca0ef6cd20560ae2ed49fe9c831242622a03c371f13dd2c324)",,"Dependencies could not be installed; the local shell is outside one locked dependency’s declared engine range; no local Supabase/browser stack was available. Typecheck, lint, build, unit, DB, browser, payment and Google lanes were not executed.","Static defects remain valid, but regressions/build failures and behaviour covered only by tests remain unknown.",Any launch decision based on “tests exist” or historical CI rather than exact-head execution.,Current audit limitation.,The required test lanes were not executed; this finding describes missing assurance rather than a failing code assertion.,Exact-head CI artifact with all lane results and fresh-DB migration application.,"Run the exact archive/commit in hermetic Node 20.20+ CI with locked registry cache, local Supabase, Playwright and fake providers. Publish immutable logs and checksums.","This is a mandatory launch gate, not a request to weaken or edit tests.",,712a9f7acd3e3c0f929206023630b08777af893667177e95ac1c0689d4f82beb,,,,,,,,,,,,,,,,,,,,Evidence limitation,Test execution / assurance,Local shell: Node 22.16.0/npm 10.9.2; package lock; missing Docker/Supabase CLI/psql; npm registry timeout/503,High,Not applicable,audit-wide,Not applicable.,M,,,,,,HN-036,P3,RETIRED,NOT_REACHABLE_IN_PRODUCTION,false,NONE_CLOSED,NONE,,,,c64366c9ba4130283932bbe21e32bf2ed62c4975,2026-07-30
Hone_Independent_Audit_2026-07-27.md,F-GCAL-001,Google Calendar “not registered” documentation is contradicted by Vercel cron configuration,P2,2026-07-27,"(the July-27 audit states no repository SHA; its §1.2 source identity is ZIP comment 058b8bcbd1a80d6aa89c47f9357e1964328f220d, SHA-256 160b2789d6e093ca0ef6cd20560ae2ed49fe9c831242622a03c371f13dd2c324)",,"`vercel.json` registers `/api/cron/calendar-reconcile` and `/api/cron/calendar-sync` on daily schedules. Some comments/docs describe those routes as not registered. The database claim path still appears to fail closed when `worker_enabled=false`, so registration alone does not prove provider calls.",Operators assume no route invocation is possible and skip monitoring or secret configuration. Vercel invokes the routes; a future flag/config change activates work without the expected rollout awareness.,Google-connected studios and operations.,Deployment uses this `vercel.json`; cron secret/routes configured.,Source tests may assert one document rather than reconcile deploy config and runtime flags.,Config test enumerates registered cron routes and verifies each route’s fail-closed auth/global/studio/no-work behaviour.,"Make deploy configuration the source of truth, update docs, expose a runtime dormancy dashboard and require dual global+studio gates plus zero-work metrics.","No Google enablement until deploy config, flags, secrets and operator checklist reconcile.",,712a9f7acd3e3c0f929206023630b08777af893667177e95ac1c0689d4f82beb,,,,,,,,,,,,,,,,,,,,Documentation drift / operational risk,Integration operations / documentation drift,`vercel.json:1-16`; calendar reconcile/sync route comments and Google operator documentation,High,Not applicable,multiple studios,Code/deployment configuration active; actual deployment and DB flags unknown.,S,,,,,,HN-039,P3,PARTIALLY_FIXED,REACHABLE_IN_PRODUCTION,true,BEFORE_TEN_STUDIOS,NONE,,F-SEC-002,Google Calendar is dormant in production; no GCal PR is in this tranche.,c64366c9ba4130283932bbe21e32bf2ed62c4975,2026-07-30
Hone_Independent_Audit_2026-07-27.md,F-GCAL-002,Google refresh-token key rotation has no dual-key window and requires reconnect on key change,P2,2026-07-27,"(the July-27 audit states no repository SHA; its §1.2 source identity is ZIP comment 058b8bcbd1a80d6aa89c47f9357e1964328f220d, SHA-256 160b2789d6e093ca0ef6cd20560ae2ed49fe9c831242622a03c371f13dd2c324)",,"Ciphertext is versioned and AES-GCM fail-closed, which is good. The runtime exposes only the active key; a version mismatch makes the connection reconnect-required rather than decrypting with a previous key and rewrapping.","Routine key rotation or accidental key replacement disconnects every active studio at once. Operators must coordinate reconnects, creating calendar drift and support load.",All Google-connected studios.,Key rotation with existing encrypted secrets.,Crypto unit tests can validate fail-closed behaviour without proving safe fleet rotation.,"Rotation test with mixed key versions, concurrent refresh and rollback; no plaintext logging.","Support current+previous key IDs or KMS envelope encryption, rewrap secrets under controlled jobs, monitor completion and retire old keys after verification.",Design before broad Google rollout; current reconnect posture may be acceptable for a tiny controlled pilot if documented.,,712a9f7acd3e3c0f929206023630b08777af893667177e95ac1c0689d4f82beb,,,,,,,,,,,,,,,,,,,,Confirmed defect,Secrets operations,"`lib/google-calendar/token-crypto.ts:4-26,56-69`",High,Not applicable,multiple studios,Dormant/limited connections reported; actual rows unknown.,M,,,,,,HN-040,P3,OPEN,NOT_REACHABLE_IN_PRODUCTION,false,BEFORE_TEN_STUDIOS,NONE,,F-SEC-002,Google Calendar is dormant in production; no GCal PR is in this tranche.,c64366c9ba4130283932bbe21e32bf2ed62c4975,2026-07-30
Hone_Independent_Audit_2026-07-27.md,F-GCAL-003,Inbound busy-time import and true two-way Google Calendar synchronization are not built,P2,2026-07-27,"(the July-27 audit states no repository SHA; its §1.2 source identity is ZIP comment 058b8bcbd1a80d6aa89c47f9357e1964328f220d, SHA-256 160b2789d6e093ca0ef6cd20560ae2ed49fe9c831242622a03c371f13dd2c324)",,The archive supports connection and outbound-sync foundations. It does not establish inbound busy-time ingestion or conflict-aware two-way synchronization. Marketing/roadmap language must preserve that distinction.,"A practitioner assumes personal Google events block Hone availability, but Hone continues offering the slot, or assumes Google edits flow back when they do not.",Google-connected practitioners/clients.,Expectation of two-way sync.,Outbound fake-provider tests do not prove inbound semantics.,"Future provider-contract tests for recurrence, timezone, deletion, rate limits and conflict reconciliation.","Keep scope labeled outbound-only. Validate whether inbound busy import is truly required; if built, define source of truth, privacy, recurrence, deletion and conflict policy first.",Defer until outbound reliability and real demand are proven.,,712a9f7acd3e3c0f929206023630b08777af893667177e95ac1c0689d4f82beb,,,,,,,,,,,,,,,,,,,,Confirmed missing capability,Integration product gap,Google calendar migrations/routes/docs; no complete inbound busy model found,High,Not applicable,Google-connected studios,Not built; outbound foundation reportedly dormant.,XL,,,,,,HN-041,P3,NOT_A_LAUNCH_REQUIREMENT,NOT_REACHABLE_IN_PRODUCTION,false,NOT_REQUIRED_BY_CURRENT_PRODUCT_DECISION,NONE,,,,c64366c9ba4130283932bbe21e32bf2ed62c4975,2026-07-30
Hone_Independent_Audit_2026-07-27.md,F-OFF-001,"No complete offboarding, studio deletion and provider-disconnection workflow exists",P2,2026-07-27,"(the July-27 audit states no repository SHA; its §1.2 source identity is ZIP comment 058b8bcbd1a80d6aa89c47f9357e1964328f220d, SHA-256 160b2789d6e093ca0ef6cd20560ae2ed49fe9c831242622a03c371f13dd2c324)",,"The archive lacks one controlled workflow that freezes writes, creates/verifies a complete export, handles retention/legal hold, revokes tokens, disconnects Google/Stripe, resolves storage, schedules deletion and records approvals.","A studio leaves and Sam must improvise SQL/provider steps. Data may be deleted prematurely, retained indefinitely or leave active integrations behind.","All studios, clients and providers.",Cancellation/offboarding request.,Feature-level tests do not cover lifecycle orchestration.,End-to-end sandbox offboarding test including retry/rollback and post-delete access denial.,"Design a state machine with owner/admin approvals, export checksum, retention clock, provider revocation, legal hold, deletion jobs and final certificate.",Required before contractual self-serve cancellation or 10 studios.,,712a9f7acd3e3c0f929206023630b08777af893667177e95ac1c0689d4f82beb,,,,,,,,,,,,,,,,,,,,Confirmed missing capability,Lifecycle / privacy,Current partial export in `app/(app)/settings/data/actions.ts`; Google/Stripe/storage integrations; no complete lifecycle command found,High,Not applicable,one studio,Not built as an end-to-end capability.,XL,,,,,,HN-024,P2,OPEN,NOT_REACHABLE_IN_PRODUCTION,false,BEFORE_TEN_STUDIOS,T10-data,PR-23,F-DATA-001 F-RET-001 F-STORAGE-001,,c64366c9ba4130283932bbe21e32bf2ed62c4975,2026-07-30
Hone_Independent_Audit_2026-07-27.md,F-ONB-001,Studio provisioning creates only the studio and owner invitation; onboarding remains operator-assisted,P2,2026-07-27,"(the July-27 audit states no repository SHA; its §1.2 source identity is ZIP comment 058b8bcbd1a80d6aa89c47f9357e1964328f220d, SHA-256 160b2789d6e093ca0ef6cd20560ae2ed49fe9c831242622a03c371f13dd2c324)",,"The action performs two core service-role writes and compensates if the invitation fails. It does not provision a complete service catalogue, availability, intake/consent defaults, policies, provider state, payment fee controls, practitioners or launch verification.",Studio #2 is created successfully but cannot safely operate until Sam performs one-off configuration and checks across many screens or production data.,New studios and founder support capacity.,Every onboarding.,Studio-create tests do not prove launch readiness.,"Provision from empty state twice, interrupt each step and verify resume/rollback; produce launch manifest.","Create a versioned provisioning template and idempotent launch workflow with defaults, explicit choices, validation, recovery and evidence. Avoid hidden production SQL.","Founder-led assistance is acceptable to 10 studios, but the process must be repeatable and auditable.",,712a9f7acd3e3c0f929206023630b08777af893667177e95ac1c0689d4f82beb,,,,,,,,,,,,,,,,,,,,Confirmed missing capability,Onboarding,"`app/admin/studios/new/actions.ts:22-29,152-225`",High,Not applicable,new studios,Active operator-assisted model.,L,,,,,,HN-043,P3,OPEN,REACHABLE_IN_PRODUCTION,true,BEFORE_THREE_STUDIOS,NONE,,L18,SaaS self-service onboarding is unbuilt; no onboarding PR is in this tranche.,c64366c9ba4130283932bbe21e32bf2ed62c4975,2026-07-30
Hone_Independent_Audit_2026-07-27.md,F-ONB-002,"Onboarding declares readiness after only service, availability and public-booking checks",P2,2026-07-27,"(the July-27 audit states no repository SHA; its §1.2 source identity is ZIP comment 058b8bcbd1a80d6aa89c47f9357e1964328f220d, SHA-256 160b2789d6e093ca0ef6cd20560ae2ed49fe9c831242622a03c371f13dd2c324)",,"Only three steps are required for `requiredComplete`; payments are optional and many safety/operational prerequisites are absent: privacy terms, consent/intake review, practitioner roles, export test, reminders, incident contact, provider flags, training and launch verification.","The UI reports a studio ready while critical controls or legal/clinical setup are incomplete, creating false confidence for founder and studio owner.",New studio launch.,Completion of the current three steps.,Tests may faithfully assert the inadequate checklist.,Onboarding tests ensure no studio reaches launched state with any mandatory gate missing; operator override requires reason/audit/expiry.,"Separate “booking configured” from “production launch approved.” Add a versioned launch gate with mandatory safety, data, provider, training and support evidence.",Use manual approval for 0–10 studios; automate only after the checklist is proven.,,712a9f7acd3e3c0f929206023630b08777af893667177e95ac1c0689d4f82beb,,,,,,,,,,,,,,,,,,,,Confirmed defect,Onboarding truthfulness,"`lib/onboarding/steps.ts:36-42,95-110,228-233`",High,Not applicable,new studios,Active readiness model.,M,,,,,,HN-044,P3,OPEN,NOT_REACHABLE_IN_PRODUCTION,false,BEFORE_TEN_STUDIOS,NONE,,L18,SaaS self-service onboarding is unbuilt; no onboarding PR is in this tranche.,c64366c9ba4130283932bbe21e32bf2ed62c4975,2026-07-30
Hone_Independent_Audit_2026-07-27.md,F-OPS-001,Public rate limiting intentionally fails open during limiter/provider failure,P2,2026-07-27,"(the July-27 audit states no repository SHA; its §1.2 source identity is ZIP comment 058b8bcbd1a80d6aa89c47f9357e1964328f220d, SHA-256 160b2789d6e093ca0ef6cd20560ae2ed49fe9c831242622a03c371f13dd2c324)",,"The contract explicitly allows public slot, booking and token-route requests when the limiter backend errors. This prioritizes availability but removes abuse containment precisely during provider/configuration failure.","A Redis/Upstash outage or missing environment value allows unrestricted slot scans, booking attempts or token endpoint traffic. Attackers can amplify DB/provider load or nuisance bookings.","Public endpoints, database/provider capacity and studio operations.",Limiter failure plus abusive traffic.,Unit tests may correctly assert fail-open semantics without evaluating operational impact.,Fault-injection load tests with limiter unavailable; ensure mutation throughput remains bounded and legitimate read traffic has a controlled degraded path.,"Use endpoint-specific posture: local bounded fallback, stricter fail-closed/degraded mode for mutation/token verification, circuit breakers and per-studio/IP/device signals. Return privacy-safe errors.",Coordinate with public booking atomicity and abuse monitoring.,,712a9f7acd3e3c0f929206023630b08777af893667177e95ac1c0689d4f82beb,,,,,,,,,,,,,,,,,,,,Architectural concern,Abuse prevention / reliability,"`lib/rate-limit/public.ts:11-20,207-257,302-324`",High,Easy,production-wide,Active design; production provider state unknown.,M,,,,,,HN-027,P3,OPEN,REACHABLE_IN_PRODUCTION,true,BEFORE_PUBLIC_SELF_SERVICE,T11-ops,PR-24,,,c64366c9ba4130283932bbe21e32bf2ed62c4975,2026-07-30
Hone_Independent_Audit_2026-07-27.md,F-OPS-002,Twilio STOP handling scans every phone-bearing client across studios in one service-role process,P2,2026-07-27,"(the July-27 audit states no repository SHA; its §1.2 source identity is ZIP comment 058b8bcbd1a80d6aa89c47f9357e1964328f220d, SHA-256 160b2789d6e093ca0ef6cd20560ae2ed49fe9c831242622a03c371f13dd2c324)",,"Twilio signature verification is strong. After verification, the route uses service role to fetch phone-bearing clients broadly, normalizes/filter matches in application memory, then applies a deliberate global phone-wide opt-out across studios.","As data grows, one inbound STOP performs a large cross-tenant PII read in a single process. A logging/debugging mistake or memory/latency failure affects many studios; shared/recycled phone numbers can opt out unrelated records.",Client phone data and messaging consent across all studios.,Valid signed inbound STOP and matching/reused number.,Signature tests do not prove query scalability or cross-tenant privacy minimization.,"DB tests for multiple studios/shared numbers, indexed query plan and no PII returned to route beyond affected IDs/counts.","Store normalized phone hashes/indexes and execute a narrow audited DB command. Preserve legally required global opt-out semantics only after privacy/legal confirmation, with minimal returned data and explicit provenance.",Migrate normalized hashes before volume grows; document consent semantics.,,712a9f7acd3e3c0f929206023630b08777af893667177e95ac1c0689d4f82beb,,,,,,,,,,,,,,,,,,,,Architectural concern,Privacy / scale architecture,"`app/api/twilio/inbound-sms/route.ts:83-151,184-218`",High,Not applicable,multiple studios,Active route; traffic/scale unknown.,M,,,,,,HN-028,P3,OPEN,REACHABLE_IN_PRODUCTION,true,BEFORE_50_STUDIOS,NONE,,,"Cross-tenant Twilio STOP scan. P3/BEFORE_50_STUDIOS; no multi-tenant comms work is scheduled in this train, so there is nothing for it to gate.",c64366c9ba4130283932bbe21e32bf2ed62c4975,2026-07-30
Hone_Independent_Audit_2026-07-27.md,F-OPS-003,Appointment reminders depend on an external scheduler with no Vercel cron registration in the archive,P2,2026-07-27,"(the July-27 audit states no repository SHA; its §1.2 source identity is ZIP comment 058b8bcbd1a80d6aa89c47f9357e1964328f220d, SHA-256 160b2789d6e093ca0ef6cd20560ae2ed49fe9c831242622a03c371f13dd2c324)",,"The reminder route exists but `vercel.json` registers recurring breaks and Google jobs, not appointment reminders. Documentation may rely on an external scheduler, but the ZIP cannot prove it exists, is authenticated, runs at the required cadence or has heartbeat monitoring.","The external schedule is removed, misconfigured or delayed. Reminders silently stop while the application remains healthy.",All studios using reminders and their clients.,Missing/failing external scheduler.,Route tests cannot prove the job is invoked in production.,Staging job test plus production no-op heartbeat verification; simulate missed schedule and recovery without duplicates.,"Make scheduler ownership explicit, register it in deploy-as-code or an independently attested provider, add heartbeat/lag metrics and alert on missed windows.",Mandatory launch evidence for each studio using reminders.,,712a9f7acd3e3c0f929206023630b08777af893667177e95ac1c0689d4f82beb,,,,,,,,,,,,,,,,,,,,Evidence limitation / operational gap,Background jobs / reliability,`app/api/cron/appointment-reminders/route.ts`; `vercel.json:1-16`,High,Not applicable,multiple studios,Runtime schedule unknown.,S,,,,,,HN-029,P3,OPEN,REACHABLE_IN_PRODUCTION,true,BEFORE_STUDIO_2,T11-ops,PR-25,,,c64366c9ba4130283932bbe21e32bf2ed62c4975,2026-07-30
Hone_Independent_Audit_2026-07-27.md,F-OPS-004,"No backup restore drill, RPO/RTO, on-call or incident-command evidence is included",P2,2026-07-27,"(the July-27 audit states no repository SHA; its §1.2 source identity is ZIP comment 058b8bcbd1a80d6aa89c47f9357e1964328f220d, SHA-256 160b2789d6e093ca0ef6cd20560ae2ed49fe9c831242622a03c371f13dd2c324)",,"The ZIP contains alerts/runbook material but no immutable evidence of backup configuration, restore success, recovery point/objective, incident ownership, escalation or rollback rehearsal.",A database/storage/provider incident occurs and recovery depends on ad hoc production queries and founder memory.,All studios and data.,Production incident.,Unit tests cannot prove restoration or human response.,"Restore a sanitized environment from backup, verify tenant/data/object counts and run core workflows; record signed results.","Define RPO/RTO, backup scope including storage, quarterly restore drills, incident roles, communication templates, kill switches and deployment rollback evidence.",Mandatory before 10 studios and repeated before 50/100.,,712a9f7acd3e3c0f929206023630b08777af893667177e95ac1c0689d4f82beb,,,,,,,,,,,,,,,,,,,,Evidence limitation / process missing,SRE / disaster recovery,Documentation and operations surfaces; external managed-backup/runtime evidence absent,High,Not applicable,production-wide,Unknown externally; not proven by archive.,L,,,,,,HN-030,P2,OPEN,NOT_REACHABLE_IN_PRODUCTION,false,WILLOW_NOW,T11-ops,PR-26,,,c64366c9ba4130283932bbe21e32bf2ed62c4975,2026-07-30
Hone_Independent_Audit_2026-07-27.md,F-OPS-005,Operational alerts have no durable retry and can be lost on database/email failure,P2,2026-07-27,"(the July-27 audit states no repository SHA; its §1.2 source identity is ZIP comment 058b8bcbd1a80d6aa89c47f9357e1964328f220d, SHA-256 160b2789d6e093ca0ef6cd20560ae2ed49fe9c831242622a03c371f13dd2c324)",,"The helper redacts and attempts logging, DB insertion and critical email, but deliberately does not throw. A failed alert insert/send is logged and dropped without an outbox or retry.","The system encounters the exact provider/database failure that should create an alert; alert persistence or email also fails, leaving no durable incident signal.",Operations and affected studios.,Alert-path dependency failure.,Happy-path alert tests do not prove delivery under failure.,"Fault-injection tests for DB, email and logging failures; at least one independent signal must remain observable.","Use a durable local/outbox path where possible, provider-independent fallback metrics and heartbeat monitoring. Track delivery state/retries without exposing PII.",Avoid recursive alert storms; define bounded retry/dead-letter behaviour.,,712a9f7acd3e3c0f929206023630b08777af893667177e95ac1c0689d4f82beb,,,,,,,,,,,,,,,,,,,,Confirmed defect,Observability / reliability,"`lib/ops/alerts.ts:27-40,105-200`",High,Not applicable,production-wide,Active design.,M,,,,,,HN-031,P3,OPEN,REACHABLE_IN_PRODUCTION,true,BEFORE_TEN_STUDIOS,NONE,,,P3/BEFORE_TEN_STUDIOS ops gap; no PR in this tranche.,c64366c9ba4130283932bbe21e32bf2ed62c4975,2026-07-30
Hone_Independent_Audit_2026-07-27.md,F-PAY-002,"Public booking deposits, card collection, packages and partial payments are not built or deliberately held",P2,2026-07-27,"(the July-27 audit states no repository SHA; its §1.2 source identity is ZIP comment 058b8bcbd1a80d6aa89c47f9357e1964328f220d, SHA-256 160b2789d6e093ca0ef6cd20560ae2ed49fe9c831242622a03c371f13dd2c324)",,"The public booking flow does not collect a card/deposit. Packages, split/partial payments and a complete fee lifecycle are absent or held. This is safer than prematurely enabling them, but limits commercial parity.",Studios expecting deposits/no-show protection must use another tool or manual process.,Studios requiring these payment models.,Feature demand.,Not applicable.,"Future provider-contract/E2E tests with amount, consent, cancellation and refund invariants.","Do not build until public booking authority, consent and amount logic are safe. Validate demand and legal/card-authorization wording before implementation.",Explicitly defer during P0/P1 remediation.,,712a9f7acd3e3c0f929206023630b08777af893667177e95ac1c0689d4f82beb,,,,,,,,,,,,,,,,,,,,Confirmed missing capability,Payments product gap,Public booking action and payment documentation; no active public PaymentIntent creation path,High,Not applicable,product-wide,Held/not built.,XL,,,,,,HN-015,P3,NOT_A_LAUNCH_REQUIREMENT,NOT_REACHABLE_IN_PRODUCTION,false,NOT_REQUIRED_BY_CURRENT_PRODUCT_DECISION,NONE,,,,c64366c9ba4130283932bbe21e32bf2ed62c4975,2026-07-30
Hone_Independent_Audit_2026-07-27.md,F-PRIV-002,Public-booking audit duplicates raw email and free-text notes,P2,2026-07-27,"(the July-27 audit states no repository SHA; its §1.2 source identity is ZIP comment 058b8bcbd1a80d6aa89c47f9357e1964328f220d, SHA-256 160b2789d6e093ca0ef6cd20560ae2ed49fe9c831242622a03c371f13dd2c324)",,"The booking audit payload stores raw email and notes in addition to the canonical client/appointment records. Free text may contain sensitive details and duplicates expand access, retention and breach scope.","A client enters health-adjacent information in notes. It is retained in both appointment/client surfaces and audit JSON, where deletion/export policies may differ.",Public-booking clients and audit readers.,Any booking with email/notes.,Audit-event existence tests often reward richer payloads without checking minimization.,"Tests assert raw email, phone and arbitrary notes never appear in audit/log/ops payloads.","Store stable IDs, normalized event metadata and a redacted/hash representation; keep sensitive content only in its canonical protected record. Define audit retention separately.",Migrate or redact historical audit payloads only under an approved retention plan.,,712a9f7acd3e3c0f929206023630b08777af893667177e95ac1c0689d4f82beb,,,,,,,,,,,,,,,,,,,,Confirmed defect,Privacy / data minimization,`app/book/[slug]/actions.ts:875-881`,High,Not applicable,multiple clients,Active code.,S,,,,,,HN-017,P3,OPEN,REACHABLE_IN_PRODUCTION,true,BEFORE_PUBLIC_SELF_SERVICE,T4-privacy,PR-07,,,c64366c9ba4130283932bbe21e32bf2ed62c4975,2026-07-30
Hone_Independent_Audit_2026-07-27.md,F-PROV-001,Repository provenance is incomplete because the ZIP contains no Git metadata,P2,2026-07-27,"(the July-27 audit states no repository SHA; its §1.2 source identity is ZIP comment 058b8bcbd1a80d6aa89c47f9357e1964328f220d, SHA-256 160b2789d6e093ca0ef6cd20560ae2ed49fe9c831242622a03c371f13dd2c324)",,"The archive comment contains a SHA-like value, but branch, commit ancestry, dirty/untracked state, submodules and whether the tree exactly equals that commit cannot be established.","A stale, locally modified or selectively packaged tree is reviewed as though it were production. Findings may be fixed already or missing from the deployed branch.",Audit accuracy and release decision-making.,Reliance on the ZIP as exact production source.,No code test can restore missing provenance.,CI attestation compares archive tree hash to checked-out commit and records artifact digest.,"Future audits should use an immutable Git archive generated by CI with commit, tree hash, lockfile hash, migration manifest, build provenance and deployment ID.",Treat every deployment/merge claim in this report as unverified until reconciled.,,712a9f7acd3e3c0f929206023630b08777af893667177e95ac1c0689d4f82beb,,,,,,,,,,,,,,,,,,,,Evidence limitation,Source assurance,Archive root and ZIP comment; `.git` absent,High,Not applicable,audit-wide,Certain limitation.,S,,,,,,HN-045,P3,NOT_A_LAUNCH_REQUIREMENT,NOT_REACHABLE_IN_PRODUCTION,false,NOT_REQUIRED_BY_CURRENT_PRODUCT_DECISION,NONE,,,,c64366c9ba4130283932bbe21e32bf2ed62c4975,2026-07-30
Hone_Independent_Audit_2026-07-27.md,F-PUBLIC-001,Public booking is non-transactional and can leave client/consent side effects when appointment creation fails,P2,2026-07-27,"(the July-27 audit states no repository SHA; its §1.2 source identity is ZIP comment 058b8bcbd1a80d6aa89c47f9357e1964328f220d, SHA-256 160b2789d6e093ca0ef6cd20560ae2ed49fe9c831242622a03c371f13dd2c324)",,Client creation or consent updates occur before the direct appointment insert. Appointment collision/failure can return an error after those earlier mutations have committed. Marketing consent and audit/provider side effects occur in later stages as well.,"Two clients race for a slot or the appointment insert fails. A new client record remains even though no appointment exists, or consent/profile state changes from an unsuccessful booking attempt.","Client directory, consent state, deduplication and support workflows.",Failure after client/consent mutation.,Happy-path browser tests and appointment uniqueness checks do not prove all-or-nothing semantics.,Fault-injection and race tests assert zero durable side effects on every rejected submit.,"Create a single public-booking DB command that validates and atomically creates/reuses client, records consent evidence, inserts appointment and audit row. Dispatch email/SMS from an outbox after commit.",Provide a cleanup/reconciliation report for orphan clients created by failed booking attempts.,,712a9f7acd3e3c0f929206023630b08777af893667177e95ac1c0689d4f82beb,,,,,,,,,,,,,,,,,,,,Confirmed defect,Booking data integrity,"`app/book/[slug]/actions.ts:615-673,760-815,846-881`",High,Moderate,one client/studio,Active public path.,L,,,,,,HN-046,P3,OPEN,REACHABLE_IN_PRODUCTION,true,BEFORE_PUBLIC_SELF_SERVICE,T9-public,PR-17,F-SEC-002,,c64366c9ba4130283932bbe21e32bf2ed62c4975,2026-07-30
Hone_Independent_Audit_2026-07-27.md,F-PUBLIC-002,Knowing an existing client email permits nuisance bookings against that client record,P2,2026-07-27,"(the July-27 audit states no repository SHA; its §1.2 source identity is ZIP comment 058b8bcbd1a80d6aa89c47f9357e1964328f220d, SHA-256 160b2789d6e093ca0ef6cd20560ae2ed49fe9c831242622a03c371f13dd2c324)",,"The existing-client branch normalizes email and reuses a matching client without authenticating control of the address. This is common in low-friction booking, but it permits impersonation/nuisance bookings and can mutate selected consent fields.","Someone who knows a client’s email books unwanted appointments, consuming capacity and attaching bookings to the existing profile. No private data need be disclosed for operational harm to occur.",Existing clients and studio calendar.,"Knowledge of studio slug, email and an available slot.",Functional tests may intentionally accept this flow; abuse tests are needed.,"Browser tests for known-email impersonation, repeated nuisance submissions, rate-limiter outage and confirmation expiry.","Choose an explicit risk posture: email verification/magic link for recognized clients, confirmation before high-impact bookings, anti-abuse scoring and non-mutating consent handling. Preserve accessible first-time booking.",Validate with studio workflow; classify as accepted limitation only with controls and disclosure.,,712a9f7acd3e3c0f929206023630b08777af893667177e95ac1c0689d4f82beb,,,,,,,,,,,,,,,,,,,,Architectural concern,Public booking abuse / identity,`app/book/[slug]/actions.ts:615-647`,High,Easy,one client/studio,Active by design.,M,,,,,,HN-047,P2,OPEN,REACHABLE_IN_PRODUCTION,true,BEFORE_PUBLIC_SELF_SERVICE,T9-public,PR-17,F-SEC-002,,c64366c9ba4130283932bbe21e32bf2ed62c4975,2026-07-30
Hone_Independent_Audit_2026-07-27.md,F-RET-001,"Retention, deletion, legal hold and complete studio purge are not implemented as a coherent process",P2,2026-07-27,"(the July-27 audit states no repository SHA; its §1.2 source identity is ZIP comment 058b8bcbd1a80d6aa89c47f9357e1964328f220d, SHA-256 160b2789d6e093ca0ef6cd20560ae2ed49fe9c831242622a03c371f13dd2c324)",,"Policies discuss retention, but code evidence does not show a complete schedule that applies consistently to database rows, audit logs, snapshots, storage objects, provider data, backups and legal holds.","A deletion/access request or contract termination is handled inconsistently. Some sensitive data persists while provenance needed for legal/clinical reasons is removed, or vice versa.",All personal/clinical data.,Retention/deletion request or elapsed policy window.,Table-level delete tests cannot prove cross-system lifecycle.,"Sandbox lifecycle test across DB, storage, providers and export; backup deletion limitations explicitly documented.","Create a data inventory with purpose, legal basis, retention, deletion/anonymization and hold rules; implement idempotent jobs and evidence reports with qualified legal/privacy review.",Required before self-serve deletion and broader regulated-jurisdiction sales.,,712a9f7acd3e3c0f929206023630b08777af893667177e95ac1c0689d4f82beb,,,,,,,,,,,,,,,,,,,,Process missing / legal review required,Privacy lifecycle,"Privacy/terms/docs, export/storage/provider surfaces; no complete retention state machine found",High,Not applicable,all studios,Process missing/unknown.,XL,,,,,,HN-022,P1,OPEN,REACHABLE_IN_PRODUCTION,true,WILLOW_NOW,T0-copy,PR-02 PR-21,,,c64366c9ba4130283932bbe21e32bf2ed62c4975,2026-07-30
Hone_Independent_Audit_2026-07-27.md,F-SCALE-001,"Studio export is unbounded, built fully in memory and duplicated as base64",P2,2026-07-27,"(the July-27 audit states no repository SHA; its §1.2 source identity is ZIP comment 058b8bcbd1a80d6aa89c47f9357e1964328f220d, SHA-256 160b2789d6e093ca0ef6cd20560ae2ed49fe9c831242622a03c371f13dd2c324)",,"The action loads all selected rows, creates the entire ZIP in server memory and converts it to base64 for return through a server action. Binary expansion and duplicate buffers increase memory significantly.","A studio with years of data causes high memory use, timeout or process termination. The export fails exactly when portability matters most, and retries repeat the full load.",Larger studios and serverless capacity.,Large row counts/files.,Small fixture tests do not model memory/timeout behaviour.,Load test at projected 100k clients/1m records and large image corpus; enforce quotas and cancellation.,"Generate exports asynchronously with paginated/streamed reads, object storage, manifest/checksums, expiry and resumable status. Stream download rather than base64 server-action payload.",Pair with complete-export redesign rather than optimizing the incomplete format.,,712a9f7acd3e3c0f929206023630b08777af893667177e95ac1c0689d4f82beb,,,,,,,,,,,,,,,,,,,,Scale blocker,Performance / data portability,"`app/(app)/settings/data/actions.ts:47-192,779-781`",High,Not applicable,one studio,Active implementation; no benchmark evidence.,L,,,,,,HN-025,P2,OPEN,REACHABLE_IN_PRODUCTION,true,BEFORE_TEN_STUDIOS,T10-data,PR-22,,,c64366c9ba4130283932bbe21e32bf2ed62c4975,2026-07-30
Hone_Independent_Audit_2026-07-27.md,F-SCALE-002,“Next available” scans dates sequentially and can multiply database work per request,P2,2026-07-27,"(the July-27 audit states no repository SHA; its §1.2 source identity is ZIP comment 058b8bcbd1a80d6aa89c47f9357e1964328f220d, SHA-256 160b2789d6e093ca0ef6cd20560ae2ed49fe9c831242622a03c371f13dd2c324)",,The action loops day by day up to its horizon and invokes slot generation repeatedly. Each day can issue several DB reads. Sparse calendars and public abuse can multiply latency and load.,A studio has no availability for weeks. One anonymous request performs many sequential queries; concurrent users amplify load and tie up serverless execution.,Public booking and database capacity.,Sparse availability or abuse.,Unit tests on a few dates do not measure query count/latency.,Benchmark sparse/dense calendars at 10/50/100 studios and assert maximum query/time budget.,"Query/materialize candidate availability in bounded ranges, cache safe schedule inputs, paginate search and enforce a request work budget with metrics.",Address before paid traffic; do not optimize ahead of correctness/atomicity.,,712a9f7acd3e3c0f929206023630b08777af893667177e95ac1c0689d4f82beb,,,,,,,,,,,,,,,,,,,,Scale blocker,Performance / scheduling,`app/book/[slug]/actions.ts:243-326`; `lib/booking/slots.ts`,High,Easy,production-wide under load,Active code; no benchmark evidence.,M,,,,,,HN-026,P2,OPEN,REACHABLE_IN_PRODUCTION,true,BEFORE_TEN_STUDIOS,T9-public,PR-18,,,c64366c9ba4130283932bbe21e32bf2ed62c4975,2026-07-30
Hone_Independent_Audit_2026-07-27.md,F-SCHED-005,Public multi-practitioner booking is not implemented safely; appointments resolve to owner or null,P2,2026-07-27,"(the July-27 audit states no repository SHA; its §1.2 source identity is ZIP comment 058b8bcbd1a80d6aa89c47f9357e1964328f220d, SHA-256 160b2789d6e093ca0ef6cd20560ae2ed49fe9c831242622a03c371f13dd2c324)",,"The public action looks up the studio owner and assigns that practitioner (or null). It does not expose a validated practitioner choice, no-preference allocation or capacity-aware assignment.","A multi-practitioner studio publishes booking expecting team availability. Public appointments land on the owner or unassigned, distorting capacity and requiring manual repair.",Studios with more than one practitioner and their clients.,Multi-practitioner public launch.,Schema/capacity tests do not establish public allocation behaviour.,"Browser/DB tests for chosen practitioner, no preference, parallel practitioners, deactivation, reassignment and cross-studio practitioner substitution.","Add explicit service-practitioner eligibility, practitioner choice/no-preference policy and atomic assignment under the capacity lock. Do not infer readiness from schema alone.",Keep public multi-practitioner disabled until a controlled pilot passes.,,712a9f7acd3e3c0f929206023630b08777af893667177e95ac1c0689d4f82beb,,,,,,,,,,,,,,,,,,,,Confirmed missing capability,Multi-practitioner product gap,`app/book/[slug]/actions.ts:760-792`,High,Not applicable,one studio,Implemented code is solo-owner oriented; broad pilot exposure unknown.,L,,,,,,HN-012,P3,OPEN,REACHABLE_IN_PRODUCTION,true,BEFORE_THREE_STUDIOS,T9-public,PR-19,F-SCHED-002,,c64366c9ba4130283932bbe21e32bf2ed62c4975,2026-07-30
Hone_Independent_Audit_2026-07-27.md,F-SCHED-006,Slot generation ignores several database query errors and can return misleading availability,P2,2026-07-27,"(the July-27 audit states no repository SHA; its §1.2 source identity is ZIP comment 058b8bcbd1a80d6aa89c47f9357e1964328f220d, SHA-256 160b2789d6e093ca0ef6cd20560ae2ed49fe9c831242622a03c371f13dd2c324)",,"Blockout, capacity/default and reservation queries consume `.data` without consistently surfacing `.error`. A failed query can be interpreted as no blockouts/reservations or missing defaults rather than an unavailable scheduling service.","A transient DB/RLS/query error omits a conflict input. Hone shows a slot that should be blocked, or returns an empty/misleading calendar with no operational alert.",Public/internal availability and clients.,Any relevant query error.,Mocks that return data only do not exercise error branches.,Unit tests inject each query error; public submit must revalidate and create no booking; UI distinguishes “no availability” from system failure.,"Fail closed for mutation-relevant availability, return a distinct temporary-unavailable state, emit redacted ops metrics and avoid caching incomplete results.",Ship with public atomic command; do not expose provider/database details.,,712a9f7acd3e3c0f929206023630b08777af893667177e95ac1c0689d4f82beb,,,,,,,,,,,,,,,,,,,,Confirmed defect,Scheduling reliability,"`lib/booking/slots.ts:147-154,171-214,244-251,290-346`",High,Not applicable,one studio to production-wide during outage,Active code.,S,,,,,,HN-013,P2,PARTIALLY_FIXED,REACHABLE_IN_PRODUCTION,true,BEFORE_TEN_STUDIOS,T9-public,PR-18,F-SEC-002,,c64366c9ba4130283932bbe21e32bf2ed62c4975,2026-07-30
Hone_Independent_Audit_2026-07-27.md,F-STAGE-001,"No staging, canary rollout or migration-rehearsal evidence is included",P2,2026-07-27,"(the July-27 audit states no repository SHA; its §1.2 source identity is ZIP comment 058b8bcbd1a80d6aa89c47f9357e1964328f220d, SHA-256 160b2789d6e093ca0ef6cd20560ae2ed49fe9c831242622a03c371f13dd2c324)",,"The repository has local test intent and production gate scripts, but the ZIP cannot establish a production-like staging environment, canary process, migration rehearsal against realistic data or rollback evidence.","A migration/feature passes local tests but fails on production data shape, provider configuration or scale. All studios receive it at once.",Production-wide releases.,Any nontrivial deployment.,CI source tests cannot establish staged rollout.,Rehearse P0 snapshot migration and public-booking command on representative data before production.,"Create sanitized production-shape staging, migration dry-run/rehearsal, feature-flag canary by studio, automated smoke tests and rollback/forward-fix decision records.",Required before 10–50 studio growth.,,712a9f7acd3e3c0f929206023630b08777af893667177e95ac1c0689d4f82beb,,,,,,,,,,,,,,,,,,,,Evidence limitation,Release engineering,CI/deployment documentation; no independently verifiable environment artifact,High,Not applicable,production-wide,Unknown/external.,L,,,,,,HN-032,P3,OPEN,NOT_REACHABLE_IN_PRODUCTION,false,BEFORE_TEN_STUDIOS,T11-ops,PR-26,,,c64366c9ba4130283932bbe21e32bf2ed62c4975,2026-07-30
Hone_Independent_Audit_2026-07-27.md,F-STORAGE-001,Treatment-image upload can leave orphaned private objects when metadata insertion and cleanup both fail,P2,2026-07-27,"(the July-27 audit states no repository SHA; its §1.2 source identity is ZIP comment 058b8bcbd1a80d6aa89c47f9357e1964328f220d, SHA-256 160b2789d6e093ca0ef6cd20560ae2ed49fe9c831242622a03c371f13dd2c324)",,"The action uploads the object first, then inserts metadata. On metadata failure it attempts deletion and emits an alert if cleanup fails. There is no durable reconciliation queue or periodic orphan scanner shown.","Storage upload succeeds, DB insert fails, and cleanup fails transiently. The object remains private but untracked, cannot be exported through metadata and may persist indefinitely.","Client images, retention obligations and storage cost.",Cross-system partial failure.,Mocked cleanup tests cannot prove eventual reconciliation.,Fault-injection tests for every failure point and reconciler convergence without cross-tenant deletion.,"Create a durable upload intent/object ledger and reconciler; use deterministic state transitions, checksums and retention-safe quarantine. Periodically compare bucket objects to metadata.",Do not expose orphan paths; preserve incident/audit evidence.,,712a9f7acd3e3c0f929206023630b08777af893667177e95ac1c0689d4f82beb,,,,,,,,,,,,,,,,,,,,Confirmed defect,Storage integrity,`app/(app)/clients/[id]/images/actions.ts:171-234`,High,Not applicable,one image to one studio,Active path.,M,,,,,,HN-023,P2,OPEN,REACHABLE_IN_PRODUCTION,true,BEFORE_TEN_STUDIOS,T10-data,PR-21,,,c64366c9ba4130283932bbe21e32bf2ed62c4975,2026-07-30
Hone_Independent_Audit_2026-07-27.md,F-TEST-001,A large source-string assertion surface creates false confidence about runtime behaviour,P2,2026-07-27,"(the July-27 audit states no repository SHA; its §1.2 source identity is ZIP comment 058b8bcbd1a80d6aa89c47f9357e1964328f220d, SHA-256 160b2789d6e093ca0ef6cd20560ae2ed49fe9c831242622a03c371f13dd2c324)",,"Source/migration shape tests are useful guardrails, but many assert that strings, comments, function names or fragments exist. They cannot prove RLS under real roles, transaction isolation, provider request semantics or UI behaviour.","A refactor can preserve asserted text while behaviour is unsafe, or safe behaviour can break tests because formatting changes. Passing counts may be presented as stronger evidence than they are.",All critical workflows and release decisions.,Reliance on aggregate test count without coverage classification.,"This finding is about evidence quality, not a claim that all source tests are bad. The local DB harness is a strong counterexample.",Coverage map must identify the behavioural layer for every P0/P1 regression and fail releases that have source-only coverage.,Label test classes in CI; shift highest-risk assertions to DB/browser/concurrency/provider-contract behaviour; retain source guards only for truly static invariants.,Incremental conversion; do not delete guards until stronger tests exist.,,712a9f7acd3e3c0f929206023630b08777af893667177e95ac1c0689d4f82beb,,,,,,,,,,,,,,,,,,,,Test assurance risk,Test quality,Static inventory: 339 test files use `readFileSync` (824 occurrences); 171 use `toContain` (742 occurrences); migration/source guards throughout `tests/`,High,Not applicable,audit/release-wide,Active test design; execution unavailable here.,L,,,,,,HN-033,P3,OPEN,NOT_REACHABLE_IN_PRODUCTION,false,BEFORE_TEN_STUDIOS,NONE,,,P3 assurance gap; no PR in this tranche.,c64366c9ba4130283932bbe21e32bf2ed62c4975,2026-07-30
Hone_Independent_Audit_2026-07-27.md,F-TEST-002,Critical concurrency regressions are missing for finalizer-vs-child-write and public-booking-vs-schedule mutation,P2,2026-07-27,"(the July-27 audit states no repository SHA; its §1.2 source identity is ZIP comment 058b8bcbd1a80d6aa89c47f9357e1964328f220d, SHA-256 160b2789d6e093ca0ef6cd20560ae2ed49fe9c831242622a03c371f13dd2c324)",,"The suite covers selected duplicate/finalizer cases and hard-overlap scenarios, but the two confirmed races do not have two-connection barrier tests that reproduce their transaction ordering.",A future change passes all ordinary tests while preserving or reintroducing a signed-snapshot mismatch or stale public-booking commit.,Clinical records and booking reliability.,Concurrent requests.,Sequential browser/unit tests cannot establish serialization.,"The regression itself is the required evidence: old code must fail, fixed code must pass reliably across repeated runs.",Add deterministic two-connection DB tests with synchronization barriers and repeat under relevant isolation levels. Test every entry point against the same lock authority.,"Run in mandatory DB CI, not an optional slow lane.",,712a9f7acd3e3c0f929206023630b08777af893667177e95ac1c0689d4f82beb,,,,,,,,,,,,,,,,,,,,Confirmed missing test capability,Test quality / concurrency,"Finalization tests and booking suites; implementation evidence in `0119`, `app/book/[slug]/actions.ts`, migrations `0146`–`0150`",High,Not applicable,critical workflows,Confirmed coverage gap.,M,,,,,,HN-034,P3,OPEN,NOT_REACHABLE_IN_PRODUCTION,false,BEFORE_PUBLIC_SELF_SERVICE,NONE,,,P3 assurance gap; no PR in this tranche.,c64366c9ba4130283932bbe21e32bf2ed62c4975,2026-07-30
Hone_Independent_Audit_2026-07-27.md,F-TEST-003,Mobile Chromium coverage is not physical iOS Safari or accessibility acceptance evidence,P2,2026-07-27,"(the July-27 audit states no repository SHA; its §1.2 source identity is ZIP comment 058b8bcbd1a80d6aa89c47f9357e1964328f220d, SHA-256 160b2789d6e093ca0ef6cd20560ae2ed49fe9c831242622a03c371f13dd2c324)",,"The repository has a mobile browser lane, but emulated/Chromium behaviour cannot prove WebKit/Safari quirks, physical keyboard/viewport behaviour, camera/photo flows, screen-reader semantics or practitioner usability on real devices.",A flow passes CI but fails in Chloe’s actual iPhone/Safari workflow or is too slow/confusing during treatment.,Practitioners and clients on mobile.,Device/browser-specific behaviour.,Playwright remains valuable; it is simply not equivalent to physical acceptance.,"Acceptance checklist: calendar, booking, intake, charting, photo upload, copy, finalization/correction and payment.","Add WebKit CI, automated accessibility checks and a short recorded acceptance script on target physical devices for launch-critical flows.",Do not describe Chromium emulation as iOS proof.,,712a9f7acd3e3c0f929206023630b08777af893667177e95ac1c0689d4f82beb,,,,,,,,,,,,,,,,,,,,Evidence limitation,Test quality / UX,Playwright mobile configuration/specs; repository test inventory,High,Not applicable,mobile users,Human/device evidence unknown.,M,,,,,,HN-035,P2,OPEN,NOT_REACHABLE_IN_PRODUCTION,false,WILLOW_NOW,T11-ops,PR-25,,,c64366c9ba4130283932bbe21e32bf2ed62c4975,2026-07-30
Hone_Independent_Audit_2026-07-27.md,F-DATA-002,Export audit metadata omits four generated record-keeping filenames,P3,2026-07-27,"(the July-27 audit states no repository SHA; its §1.2 source identity is ZIP comment 058b8bcbd1a80d6aa89c47f9357e1964328f220d, SHA-256 160b2789d6e093ca0ef6cd20560ae2ed49fe9c831242622a03c371f13dd2c324)",,"The export constructs additional record-keeping CSVs, but the audit metadata’s listed files do not include all generated files. The artifact and audit event can disagree about what was produced.",An operator later relies on the audit event to determine export contents and receives an incomplete list.,Owner/auditor.,Any export containing those files.,Filename tests can miss metadata parity.,"Test manifest, archive entries and audit payload are exactly equal.",Generate audit file list directly from the manifest used to build the archive.,Fold into complete-export redesign.,,712a9f7acd3e3c0f929206023630b08777af893667177e95ac1c0689d4f82beb,,,,,,,,,,,,,,,,,,,,Confirmed defect,Audit detail,`app/(app)/settings/data/actions.ts:783-817`,High,Not applicable,one export,Active minor defect.,S,,,,,,HN-020,P3,OPEN,REACHABLE_IN_PRODUCTION,true,BEFORE_TEN_STUDIOS,T10-data,PR-22,,,c64366c9ba4130283932bbe21e32bf2ed62c4975,2026-07-30
Hone_Independent_Audit_2026-07-27.md,F-DOC-001,Selected comments and documents state production/deployment facts that the source cannot prove,P3,2026-07-27,"(the July-27 audit states no repository SHA; its §1.2 source identity is ZIP comment 058b8bcbd1a80d6aa89c47f9357e1964328f220d, SHA-256 160b2789d6e093ca0ef6cd20560ae2ed49fe9c831242622a03c371f13dd2c324)",,"Several documents assert hosted migration maxima, deployed state or route registration. Some older migration comments still say “NOT hosted-applied,” while newer docs say all are applied; Google route-registration language conflicts with `vercel.json`.",Reviewers/operators use a stale statement as an operational control or skip verification.,Engineering and operations.,Documentation drift.,"Documentation tests often assert text, not truth.",Release job fails when migration manifest/deploy config differs from generated docs.,Maintain one generated deployment/capability register from CI/deployment/provider evidence. Mark historical comments as historical rather than authoritative.,"Do not rewrite migration history merely to update comments; reconcile in current docs. --- # PART 5 — SECURITY, MULTI-TENANCY AND PRIVACY",,712a9f7acd3e3c0f929206023630b08777af893667177e95ac1c0689d4f82beb,,,,,,,,,,,,,,,,,,,,Documentation drift,Documentation quality,"`docs/09_DATABASE_AND_RLS.md`, `docs/10_DEPLOYMENT_AND_ENV.md`, Google operator docs and migration comments",High,Not applicable,audit/operations,Active evidence-quality issue.,S,,,,,,HN-037,P3,PARTIALLY_FIXED,NOT_REACHABLE_IN_PRODUCTION,false,BEFORE_STUDIO_2,T0-copy,PR-02,,,c64366c9ba4130283932bbe21e32bf2ed62c4975,2026-07-30
docs/roadmap/P1_MASTER_REGISTER_2026-07-18.csv,HNE-SEC-001,,P1,2026-07-18,0a5741f,DEPLOYED,"supabase/migrations/0115_entry_hard_delete_hardening.sql:34-35 — drops 'electrolysis_entries: members delete' and 'laser_entries: members delete' (the 0087:238-240/261-263 policies); supabase/migrations/0115_entry_hard_delete_hardening.sql:40-41 — revoke truncate, delete on both tables from anon, authenticated; supabase/migrations/0087_clinical_rls_delete_hardening.sql:238-240,261-263 — the original explicit authenticated DELETE policies (root cause, now dropped); supabase/migrations/0114_entry_soft_delete.sql:33-51 — audited triad columns + active partial indexes on both entry tables; app/(app)/clients/[id]/sessions/[sessionId]/actions.ts:459-513 — softDeleteEntry: UPDATE-only, deleted_by = server-derived practitioner.id, optional reason, assertSessionVisible + active-practitioner + deleted_at IS NULL guards; both delete actions delegate to it; Grep of migrations 0116-0133: no DELETE policy/grant on electrolysis_entries/laser_entries outside 0087 (dropped) and 0115 (revoke); no 'DELETE FROM' either table in any migration function; docs/production/migration-ledger.md:78 — 0115 applied migration-first (checked); docs/production/release-changelog.md:46 — PR #393 Live, merge SHA e5ef80ffe88585fe00935c8cb8dcda73197f5c08; Hosted parity fact: hosted migration max = repo max = 0133, so 0114+0115 are applied to prod",,,,,,None — fix already merged and deployed (PR #393 + migration 0115). Only an optional ops task remains: a documented controlled negative-test in the test studio to upgrade the record to PRODUCTION VERIFIED (no code change).,,hosted parity 0133; head 0a5741f,2e98ef535f924475,"Complete on prod head 0a5741f. Migration 0115 (supabase/migrations/0115_entry_hard_delete_hardening.sql:34-41) drops both 0087 'members delete' RLS policies AND revokes TRUNCATE+DELETE from anon and authenticated on electrolysis_entries and laser_entries (belt-and-suspenders; service_role maintenance path deliberately retained — not an interactive tenant role). No migration 0116-0133 re-creates a DELETE policy, re-grants DELETE, or defines any function that hard-deletes entry rows. App delete actions are soft-delete-only: softDeleteEntry in app/(app)/clients/[id]/sessions/[sessionId]/actions.ts:459-513 issues an UPDATE with deleted_at=server clock, deleted_by=server-derived practitioner.id (never client-supplied), delete_reason=optional trimmed form input, guarded by an active-practitioner check, assertSessionVisible studio/client scoping, and .is('deleted_at', null) anti-double-void; both deleteElectrolysisEntryAction and deleteLaserEntryAction route through it. Defense-in-depth: 0119 finalized-aggregate write-guards also block entry DELETE for finalized sessions (flag OFF, not load-bearing).",0114 (soft-delete triad deleted_at/deleted_by/delete_reason + active partial indexes) and 0115 (policy drop + grant revoke) both authored and applied to hosted prod — both <= 0133 and hosted max = repo max = 0133 (established parity). docs/production/migration-ledger.md:78 records 0115 applied migration-first (checked). No later migration reverses it.,on prod head,"enabled — not flag-gated; the hardening is an unconditional DB policy/grant removal, active in the hosted database since 0115 was applied. The soft-delete-only app path (PR #391/#393) is live for all studios.","Not production-exercised as a documented negative test. The migration-ledger/changelog document the 0115 apply (migration-first, PR #393 Live, merge SHA e5ef80ffe88585fe00935c8cb8dcda73197f5c08) but, unlike 0119's detailed post-apply verify record, no explicit validation record shows a controlled authenticated DELETE attempt being rejected in hosted prod. Soft-delete UPDATE path has real UI usage; the blocked-hard-delete negative case is unproven in docs.",,"Protective, already active for willow-electrolysis: no Willow studio member (or any authenticated tenant) can physically destroy an electrolysis/laser pass row; removals go only through the audited soft-delete with server-derived actor and preserved clinical record. No Willow action required; no behavior change to her Remove-pass UI.",,,,"The finding was real and was independently confirmed, then closed by dedicated hardening migration 0115 + PR #393 (the 0115 header explicitly cites this audit finding). Acceptance ('no interactive tenant role can physically delete a treatment-pass row') is met in merged, prod-applied code: RLS DELETE policies dropped AND table-level DELETE/TRUNCATE grants revoked from anon+authenticated, with no later re-grant, no hard-delete RPC, and the app converted to an audited soft-delete with server-side actor derivation. Classified DEPLOYED rather than PRODUCTION VERIFIED because no explicit validation record documents a controlled production exercise of the blocked DELETE (strict rule: production proof must come from documented validation records, not code alone).",,,,,,,,,,,,,,,,,,all,,,,UNMAPPED_HISTORICAL,,NOT_INDIVIDUALLY_RE_VERIFIED,,,,,,,,,
docs/roadmap/P1_MASTER_REGISTER_2026-07-18.csv,P1-01,,P1,2026-07-18,0a5741f,OPEN,"app/book/[slug]/actions.ts:534-540 — active-client lookup by studio_id + normalized_email, no ownership proof; app/book/[slug]/actions.ts:577,599 — if (existingClient) binds clientId to the matched clinical identity even when client_type=new; app/book/[slug]/actions.ts:592-598 — comment: verified-ownership/claim-or-merge flow 'has NOT been made in this branch'; app/book/[slug]/actions.ts:694-728 — 23505 race fallback binds to the existing active winner row by email; app/book/[slug]/actions.ts:94-95,574-576 — existing-client no-match error path (also an existence oracle); docs/roadmap/CANONICAL_ROADMAP.md:385 (SEC-01) and :1365 (Appendix A P1-01) — defined as unreconciled future work; app/(app)/clients/[id]/actions.ts:88-152 — only duplicate-email pre-flight for practitioner edits; no merge/review tooling; supabase/migrations/0032_stripe_connect_phase_1.sql / 0050 — normalized_email + archive schema backing the lookup (applied, <= 0133)",,,,,,"PR: 'Public booking identity proof (SEC-01 phase 1)' — (1) introduce a pending_booking_identities model: existing-client submissions create a pending bind + send a short-lived OTP/magic-link to the matched client email; the appointment binds to the clinical identity only after token confirmation (unconfirmed bookings attach to a pending identity visible to the practitioner for review); (2) make client_type=new with a colliding active email take the pending path instead of silently binding via the race fallback; (3) unify no-match/matched responses to kill the existence oracle; (4) add practitioner-facing duplicate review/merge tooling (adjudicated merge RPC with audit). Requires one new migration (pending identities + merge audit) applied migration-first; no flag needed for the oracle fix, staged flag for the OTP gate to avoid disrupting Willow's live booking flow.",,hosted parity 0133; head 0a5741f,2e98ef535f924475,"Not fixed. app/book/[slug]/actions.ts publicBookAppointmentAction still binds a public booking to an existing clinical identity from typed email alone: active-client lookup by normalized_email (lines 534-540) -> clientId = existingClient.id (line 599) with no OTP/magic-link or proof step. The if (existingClient) branch (line 577) binds even when client_type=new, and the 23505 race branch (lines 694-728) binds a new-client submission to the unique-index winner row. In-file comment (lines 592-598) explicitly states a verified-account-ownership (signed magic-link claim/merge) flow 'has NOT been made in this branch'. No pending-identity model and no duplicate review/merge tooling exist (app/(app)/clients/[id]/actions.ts checkDuplicateEmail is only a practitioner-edit pre-flight duplicate-email check). Partial hardening shipped earlier (no name/phone write-back to the clients row, archived-client non-binding + generic errors, SMS-consent stamp gated on stored-phone match) reduces blast radius but meets none of the acceptance criteria. Client portal (app/portal) has magic-link auth but no rebooking path.","No migration required or pending for this finding. Supporting schema already applied: 0032 (clients.normalized_email generated column + unique index used by the binding lookup), 0050 (archived clients). Hosted max = repo max = 0133, so all are on prod.","No migration required or pending for this finding. Supporting schema already applied: 0032 (clients.normalized_email generated column + unique index used by the binding lookup), 0050 (archived clients). Hosted max = repo max = 0133, so all are on prod.","enabled — public booking (/book/[slug]) is an always-on unauthenticated surface with no feature flag; the readiness soft-gate only checks active services + open availability, which the live pilot studio satisfies.","Exercised in production: public booking is the live booking path for the willow-electrolysis pilot; the typed-email existing-client binding path executes on every existing-client public booking. No controlled exploit exercise documented, but the vulnerable path is production-active.",,"Directly live-exposed for the protected Willow pilot: anyone who knows or guesses a Willow client's email can attach confirmed appointments to that client's real clinical record from the public form (record pollution, schedule abuse), and can probe which emails belong to active Willow clients via the existing-client error divergence. Confirmation email/SMS go to the real client, so the victim sees phantom bookings. No clinical data is disclosed to the attacker and the client row is not mutated (prior hardening), but identity binding itself is unprotected.",,,,"Acceptance criteria require that typed email alone never binds a new public booking to an existing clinical identity, plus an OTP/magic-link or reviewed proof model and duplicate review/merge tooling. All three are unmet in the code at prod head: the binding-by-typed-email occurs on both the existing-client path and (via lookup + race fallback) the new-client path; no verification flow or merge tooling exists anywhere in app/ or lib/. The roadmap (SEC-01) lists this as still-to-build work. Secondary observation: EXISTING_CLIENT_NO_MATCH_ERROR vs success on the existing-client path is an active-client email-existence oracle for a given studio.",,,,,,,,,,,,,,,,,,all,,,,UNMAPPED_HISTORICAL,,NOT_INDIVIDUALLY_RE_VERIFIED,,,,,,,,,
docs/roadmap/P1_MASTER_REGISTER_2026-07-18.csv,P1-02,,P1,2026-07-18,0a5741f,OPEN,"app/(auth)/login/page.tsx:26-58,75 — 'agreed' checkbox enforced only in client-side React state (both OAuth and magic-link handlers); app/(auth)/login/actions.ts:35-65 — server action signature takes only email; no consent evidence reaches the server; supabase/migrations/0081_invite_only_handle_new_user.sql:27-47 — current handle_new_user() stamps terms/privacy acceptance = now(), version '2026-05-22', unconditionally for invited users (applied, <= 0133); supabase/migrations/0027_terms_acceptance.sql:8-14,31-32 — original fabricating trigger + comment deferring the re-acceptance banner ('this migration doesn't gate access'); Repo-wide grep: only lib/types/database.ts:629-632 references terms_accepted_at/terms_version/privacy_* — no app code writes or gates on them; docs/roadmap/CANONICAL_ROADMAP.md:389 (SEC-02) and :1366 (Appendix A P1-02) — server-enforced acceptance screen + trigger de-fabrication defined as future work; docs/20_NEW_STUDIO_SETUP_RUNBOOK.md:47,63 — production onboarding relies on the trigger's acceptance stamps; app/terms/page.tsx, app/privacy/page.tsx — policy content pages exist but carry no version/hash linkage to acceptance records",,,,,,"PR: 'Server-enforced legal acceptance (SEC-02)' — (1) new migration: terms_acceptance_events table (practitioner_id/user_id, doc type, version, content SHA-256, accepted_at, source, event id, privacy-safe request metadata) + rewrite handle_new_user() to stop stamping acceptance columns (leave them NULL); (2) post-auth /accept-terms gate in the (app) layout: any practitioner whose current-version acceptance event is missing is redirected to a server-action-backed acceptance screen that records the event and stamps the columns from real evidence; (3) hash the canonical rendered terms/privacy content at build or in a versioned constants module so version bumps force re-acceptance; (4) backfill note: existing fabricated stamps are retained but marked source='legacy_trigger_backfill' via the event table so real re-acceptance is collected on next login. Migration-first apply per docs/hone-prod-migration-process; low-risk gate but stage behind a short-lived flag so pilot logins are not bricked by a rollout bug.",,hosted parity 0133; head 0a5741f,2e98ef535f924475,"Not fixed. Enforcement is UI-only: the terms/privacy checkbox lives in client-side React state (app/(auth)/login/page.tsx 'agreed', lines 26-58) and merely disables buttons; the server action requestPractitionerMagicLinkAction (app/(auth)/login/actions.ts) accepts only the email string — no consent evidence parameter, no server-side verification. The Google OAuth path calls supabase.auth.signInWithOAuth directly from the browser (page.tsx lines 36-43), so the checkbox is trivially bypassable by invoking supabase-js directly. Acceptance evidence IS fabricated by a trigger: handle_new_user() unconditionally stamps terms_accepted_at/privacy_accepted_at = now() with hardcoded version '2026-05-22' for every invited new auth user regardless of any checkbox (migration 0027, current definition migration 0081 lines 27-47). No content hash (version is a hardcoded date string; policy text in app/terms/page.tsx + app/privacy/page.tsx is not hashed or linked), no acceptance-events table, no post-auth acceptance screen, and no re-acceptance gate on material change — nothing outside lib/types/database.ts:629-632 reads the four practitioner acceptance columns (verified by repo-wide grep).","The defect itself is deployed schema/trigger state: migrations 0027 (columns + stamping trigger) and 0081 (invite-only rewrite that preserves the fabricated stamping) are both <= 0133 and therefore applied to hosted prod. No corrective migration (acceptance-events table, trigger de-fabrication) exists in the repo.","The defect itself is deployed schema/trigger state: migrations 0027 (columns + stamping trigger) and 0081 (invite-only rewrite that preserves the fabricated stamping) are both <= 0133 and therefore applied to hosted prod. No corrective migration (acceptance-events table, trigger de-fabrication) exists in the repo.",enabled — the login consent checkbox and the stamping trigger are always-on production behavior; no feature flag exists for any part of this flow.,"Exercised in production: every invited practitioner signup fires handle_new_user() and receives fabricated acceptance stamps (docs/20_NEW_STUDIO_SETUP_RUNBOOK.md line 47 documents relying on the trigger's 'terms/privacy acceptance stamps' as the normal onboarding path, and its verification SQL at line 63 checks terms_accepted_at is not null). No compliant acceptance flow exists to exercise.",,"Chloe's (and every pilot practitioner's) terms/privacy acceptance records are fabricated-by-trigger rather than evidence of an actual consent act, so Hone currently cannot prove any practitioner accepted the ToS/Privacy Policy — a legal-evidence gap for the live pilot rather than a data-exposure risk. A user could also truthfully claim they never accepted (e.g. OAuth signup with the checkbox bypassed) while the DB shows a timestamped acceptance. No client-facing Willow data path is affected.",,,,"Acceptance criteria require server-enforced versioned acceptance with content hash, actor, timestamp, no fabricating trigger, and re-acceptance on material change. At prod head: enforcement is client-side only and bypassable (OAuth path especially), the fabricating trigger is live in the hosted DB, there is no content hash or acceptance-event record beyond four columns on practitioners, and no re-acceptance mechanism exists (0027's own comment defers it and it was never built). The versioned columns + timestamp that do exist are populated exclusively by the fabrication path, so they cannot count as met criteria. Roadmap SEC-02 ('Remove fabricated acceptance from user-creation triggers') confirms this is still-to-build.",,,,,,,,,,,,,,,,,,all,,,,UNMAPPED_HISTORICAL,,NOT_INDIVIDUALLY_RE_VERIFIED,,,,,,,,,
docs/roadmap/P1_MASTER_REGISTER_2026-07-18.csv,HNE-SEC-002,,P1,2026-07-18,0a5741f,DEPLOYED,"supabase/migrations/0116_drop_calendar_feed_raw_token.sql:29-32 — drops index practitioners_calendar_feed_token_uniq and column practitioners.calendar_feed_token (hash-only at rest); header documents the code-first ordering exception; docs/production/migration-ledger.md:79 (and :24-25) — 0116 marked applied to hosted 2026-07-10, code-first after PR #395's hash-only code deployed; 'removes the only same-studio-member-readable feed credential'; hosted parity max 0133 (established fact) confirms applied; docs/production/release-changelog.md:47 — PR #395 / 0116 status Live, merge SHA b31fd3993047c36d8e11d63e737fbaf7b6fd0914 ('closes an independent-audit finding'); git merge-base --is-ancestor confirms b31fd399 is an ancestor of prod head 0a5741f; app/calendar-feed/[token]/route.ts:81-87 — lookup is .eq('calendar_feed_token_hash', hashCalendarFeedToken(token)) via admin client; selects only id, studio_id, active; raw token never stored or re-read; generic 404; app/(app)/settings/profile/actions.ts:100-147 — rotateCalendarFeedTokenAction updates calendar_feed_token_hash only and returns the raw token once; clearCalendarFeedTokenAction nulls the hash (revocation); UI wired in app/(app)/settings/profile/CalendarFeedCard.tsx and page.tsx renders state from !!practitioner.calendar_feed_token_hash (boolean only); lib/calendar-feed/token.ts — server-only; generateCalendarFeedToken = 32-byte CSPRNG base64url; hashCalendarFeedToken = SHA-256 hex; lib/types/database.ts:633-637 — raw column removed from the row type; tests/db/calendar-feed-hash-only.db.test.ts:14-39 — real-DB pins: raw column dropped, hash partial unique intact, raw-token index gone; plus tests/app/calendar-feed/route-hash-lookup.test.ts and tests/migrations/0116-drop-calendar-feed-raw-token.test.ts; Residuals: lib/supabase/queries.ts:206 getPractitionersForStudio select('*') returns the one-way hash to studio members (not reusable — defense-in-depth candidate only); docs/03_SECURITY_AND_PRIVACY.md:174 stale 'Partially resolved (PR #182, phase 1)' text predating 0116",,,,,,None required to close the finding. Optional low-priority follow-up PR (docs + hardening hygiene): (1) fix the stale docs/03_SECURITY_AND_PRIVACY.md §174 'Partially resolved' entry to record 0116/PR #395 completion; (2) narrow practitioner select('*') projections to exclude calendar_feed_token_hash from member-facing reads as defense-in-depth; (3) add an operator-checklist validation record of a post-drop production feed fetch to upgrade the finding to PRODUCTION VERIFIED.,,hosted parity 0133; head 0a5741f,2e98ef535f924475,"Fully fixed in merged code on prod head 0a5741f. Feed route (app/calendar-feed/[token]/route.ts:81-87) authenticates solely by SHA-256 hash of the URL token against practitioners.calendar_feed_token_hash via the admin client; the raw token is never selected, logged, or echoed (generic 404 on miss). Rotation (app/(app)/settings/profile/actions.ts:100-124) writes ONLY the hash and returns the raw token exactly once to the caller; clearCalendarFeedTokenAction (lines 126-147) nulls the hash = true revocation; both are wired into the settings UI (CalendarFeedCard.tsx). lib/calendar-feed/token.ts is a server-only module (32-byte CSPRNG base64url token, SHA-256 hex hash, 'hashes never returned to the browser'). lib/types/database.ts:633-637 carries only calendar_feed_token_hash. Zero remaining runtime references to the raw column. PR #395 merge b31fd3993047c36d8e11d63e737fbaf7b6fd0914 verified an ancestor of 0a5741f.","Migration 0116_drop_calendar_feed_raw_token.sql DROPS the raw practitioners.calendar_feed_token column and its partial unique index practitioners_calendar_feed_token_uniq (the 0046 artifacts), retaining only the 0079 hash column. 0116 <= 0133 hosted parity => APPLIED to prod. docs/production/migration-ledger.md:79 records the hosted apply (2026-07-10, deliberate CODE-FIRST after PR #395's hash-only code deployed, because it destructively dropped a column the previous code wrote). The raw reusable bearer credential therefore no longer exists at rest in the production schema — the original exposure vector (member SELECT / select('*') practitioner reads returning the raw token) is structurally closed.",on prod head,enabled (always-on). The hash-only credential model is not flag-gated; it is the only code path for the live calendar-feed feature. Rotation and revocation are live in Settings > Profile for all studios.,"No explicit documented controlled production exercise found for the 0116 cutover specifically — the migration ledger documents the apply and asserts 'existing subscriptions keep working (hash lookup); no reconnect', but no post-drop production feed fetch, rotation, or post-apply read-only verify record exists in docs (docs/12 has a playbook curl of /calendar-feed/fake.ics expecting 404, not an execution record; no operator-checklist entry for 0116). The schema-level acceptance is nonetheless production-true via tonight's verified hosted parity (column absent from the hosted schema). Pinned by tests: tests/db/calendar-feed-hash-only.db.test.ts (raw column dropped in the real migrated DB, hash index intact, raw index gone), tests/app/calendar-feed/route-hash-lookup.test.ts, tests/migrations/0116-drop-calendar-feed-raw-token.test.ts, tests/app/settings/profile/calendar-feed-rotation.test.ts.",,"Positive and already effective for the protected pilot: before 0116, any willow-electrolysis studio member could read a peer's reusable feed-URL bearer secret via ordinary tenant practitioner queries; since 2026-07-10 that column does not exist in the hosted schema, so the exposure is structurally impossible. Any pre-existing Willow feed subscriptions kept working without reconnect (URL still carries the raw token; route matches its hash). No Willow-side action, reconnect, or communication required.",,,,"Acceptance ('no tenant query returns a reusable calendar-feed secret') is met in production: migration 0116 (applied to hosted prod 2026-07-10; hosted parity max 0133 confirms) dropped the raw bearer column, so no query — member-scoped or otherwise — can return the reusable credential. The only member-readable remnant is calendar_feed_token_hash (returned by e.g. lib/supabase/queries.ts:206 getPractitionersForStudio select('*')), which is a one-way SHA-256 of a 256-bit CSPRNG token: it cannot be replayed against the route (the route hashes the URL's raw token) and preimage recovery is infeasible, so it is not a reusable secret. Rotation surfaces the raw token exactly once from the server action's return value; revocation (clear) nulls the hash. Classified DEPLOYED rather than PRODUCTION VERIFIED because, per the strict rule, I found no explicit validation record of a controlled production exercise (no documented post-drop production feed fetch/rotation); the deployment + hosted schema state are fully evidenced. Note: docs/03_SECURITY_AND_PRIVACY.md:174 is stale — it still says 'Partially resolved (PR #182, phase 1)… Phase 2 is not started', contradicted by the shipped 0116.",,,,,,,,,,,,,,,,,,all,,,,UNMAPPED_HISTORICAL,,NOT_INDIVIDUALLY_RE_VERIFIED,,,,,,,,,
docs/roadmap/P1_MASTER_REGISTER_2026-07-18.csv,HNE-REC-002,,P1,2026-07-18,0a5741f,DEPLOYED,"supabase/migrations/0118_intake_terminal_immutability.sql:37-104 (trigger: responses/submitted_at immutable, no status regression, review attribution locked; service-role exempt); app/intake/[token]/actions.ts:102-117,186-208 (service-role writes conditional on status='in_progress' — atomic race guard); lib/intake/queries.ts:176-203 (createIntakeRequestForClient: reissue ALWAYS inserts a new row, prior rows untouched) + supabase/migrations/0044_intake_request_audit.sql (requested_at/requested_by attribution); app/(app)/clients/[id]/intake/actions.ts:18-91 (review sets reviewed_by = caller's own practitioner; notes-only edit path); docs/production/migration-ledger.md:81 and docs/production/release-changelog.md:49 (0118 applied migration-first, Live, merge SHA 11d5e58); tests/migrations/0118-intake-terminal-immutability.test.ts (CI pin, not production proof)",,,,,,"Optional hardening follow-up (not required to close): extend the 0118 trigger to also block deleted_at changes on submitted/reviewed rows (concealment), and add a documented production rejection exercise to the operator checklist to reach PRODUCTION VERIFIED.",,hosted parity 0133; head 0a5741f,2e98ef535f924475,"Complete on prod head. Migration 0118 adds BEFORE UPDATE trigger enforce_intake_terminal_immutability: for authenticated users, once status is submitted/reviewed, `responses` and `submitted_at` are immutable, status cannot regress to in_progress, reviewed_by must be the caller's own active practitioner, and review attribution is immutable once reviewed. Service-role is exempt by design, but every service-role writer (app/intake/[token]/actions.ts saveIntakeStepAction:102-117 and submitIntakeAction:186-208) conditions its UPDATE on status='in_progress', so token bearers cannot touch terminal rows either. Amendment path = attributable versioned reissue: createIntakeRequestForClient always INSERTs a NEW row stamped requested_by/requested_at (migration 0044), prior rows preserved verbatim and visible via getIntakeHistoryForClient; hard delete already blocked by 0087 posture. Residual adjacent risk (out of this finding's scope, content not altered): the trigger does not block an authenticated PATCH of deleted_at on a terminal row, which would hide (not overwrite) a submitted record.","Migration 0118_intake_terminal_immutability.sql AUTHORED and APPLIED to hosted prod (<= 0133 parity; docs/production/migration-ledger.md:81 marked applied, release-changelog.md:49 'Live', applied migration-first per PR #398).",on prod head,Enabled unconditionally — the trigger has no feature flag and fires on every UPDATE of client_intake_forms; intake itself is live for all studios.,"Intake submit/review flows run live in the Willow pilot under the trigger, and CI covers it (tests/migrations/0118-intake-terminal-immutability.test.ts), but I found NO documented controlled production exercise of the trigger's rejection path (only the pre-apply read-only audit noted in the migration header), so PRODUCTION VERIFIED cannot be claimed.",,"Positive and active now: Willow's submitted pilot intake answers (allergies, EpiPen, medical history) cannot be silently altered by any authenticated studio member; corrections force a new attributable intake row, preserving the clinical record.",,,,"All acceptance criteria are met in merged, deployed code+migration: submitted/reviewed answers are DB-enforced immutable against direct authenticated PATCH (the original defect), token-path writes are status-guarded, and the only sanctioned amendment route is a new attributable intake row that preserves every prior version. Migration 0118 <= 0133 is applied to prod and the deploy of 0a5741f succeeded, but there is no explicit production validation record of a rejected forbidden update, so classification stops at DEPLOYED.",,,,,,,,,,,,,,,,,,all,,,,UNMAPPED_HISTORICAL,,NOT_INDIVIDUALLY_RE_VERIFIED,,,,,,,,,
docs/roadmap/P1_MASTER_REGISTER_2026-07-18.csv,P1-03,,P1,2026-07-18,0a5741f,PARTIALLY FIXED,"lib/intake/tokens.ts:64-117 (stateless HMAC verify: signature + embedded expiry only, no DB/version check); lib/intake/queries.ts:15-26 ('A future enhancement may add client_intake_forms.token_version … so a forwarded link can be revoked individually before submission' — acknowledged gap; TTL=14d); lib/intake/queries.ts:230-237 + app/(app)/clients/[id]/intake/actions.ts:252-299,305-387 (Copy link / Resend mint fresh tokens for the SAME in-progress row; old tokens stay valid); supabase/migrations/0097_intake_link_metadata.sql ('NO raw token / token column stored (verification stays stateless)'); app/intake/[token]/page.tsx:39-100 (in_progress → responses returned to ANY valid bearer; submitted/reviewed → never returned); docs/02_DOMAIN_MODEL.md:81 (claims 'plus a per-intake column-based token' — NOT implemented; docs inaccuracy); docs/08_EMAIL_SMS_AND_CRON.md:50 (reminder cron 'always mints a fresh valid link' per reminder — proliferating concurrently-valid tokens)",,,,,,"Add client_intake_forms.token_version smallint NOT NULL DEFAULT 0 (new migration), include it in the HMAC payload, verify equality on page load + save + submit, increment on every mint (booking, copy-link, resend, cron reminder — automatic supersession), and add a 'Revoke link' practitioner action that bumps the version without minting. Backward-compat: absent version in old tokens treated as 0.",,hosted parity 0133; head 0a5741f,2e98ef535f924475,"Issuance/use/expiry/safe-post-submission-reissue are built and live; supersession and revocation are NOT. lib/intake/tokens.ts: stateless HMAC-SHA256 over {intake_id, expires_at} with a dedicated required INTAKE_SIGNING_SECRET (P0-4); 14-day TTL (lib/intake/queries.ts:26). Post-submission, status is the revocation signal: app/intake/[token]/page.tsx:39-100 does a two-step fetch and never returns responses for submitted/reviewed rows; actions refuse all writes. Practitioner reissue after submission creates a NEW row (safe reissue). BUT nothing invalidates old tokens for an IN-PROGRESS intake: every mint (booking flow, Copy link, Resend email, cron reminders — which mint a fresh link on every 7d/3d reminder) leaves all previously issued unexpired tokens valid; there is no token_version/jti column (explicitly deferred as a 'future enhancement' in lib/intake/queries.ts:15-23), no practitioner revoke affordance, and migration 0097's columns are display-only metadata ('NO raw token / token column stored'). docs/02_DOMAIN_MODEL.md:81 claims a 'per-intake column-based token' that does not exist in code. Consequence: a leaked/forwarded link exposes saved partial health answers (page returns responses for in_progress) and accepts writes for up to 14 days with no kill switch.",0097 (display metadata) and 0098 (reminder columns) applied (<= 0133); NO migration exists for token versioning or revocation state anywhere in 0001-0133.,0097 (display metadata) and 0098 (reminder columns) applied (<= 0133); NO migration exists for token versioning or revocation state anywhere in 0001-0133.,"Deployed parts live for all studios, no flag. Revocation/supersession: does not exist, so nothing to enable.",Intake links exercised in real production use (Willow pilot bookings + intake reminder cron mint links). Revocation/supersession paths never exercised because they are not built.,,"Live exposure for the protected pilot: if a Willow client forwards or leaks an intake link (email is the delivery channel), anyone holding it can read and alter the client's partial health answers for up to 14 days, and Chloe has no way to revoke it — only expiry or client submission ends access.",,,,"Material acceptance criteria unmet: 'supersession' and 'revocation' are absent (stateless HMAC with no server-side version check means minting a fresh link does NOT kill older ones), and 'no sensitive-answer exposure through dead links' only holds for submitted/reviewed intakes — a superseded-but-unexpired link to an in-progress intake still reads and writes partial answers. The fixed parts (dedicated secret, 14-day TTL down from 60, status-based post-submission lockout, reissue-as-new-row) are real, merged, and deployed, hence PARTIALLY FIXED rather than OPEN.",,,,,,,,,,,,,,,,,,all,,,,UNMAPPED_HISTORICAL,,NOT_INDIVIDUALLY_RE_VERIFIED,,,,,,,,,
docs/roadmap/P1_MASTER_REGISTER_2026-07-18.csv,P1-04,,P1,2026-07-18,0a5741f,PARTIALLY FIXED,"app/intake/[token]/actions.ts:89-94 (JS spread merge over freshly SELECTed responses — read-modify-write, no version predicate); app/intake/[token]/actions.ts:102-117 (UPDATE conditional only on status='in_progress' + deleted_at IS NULL — never on a version/updated_at); app/intake/[token]/IntakeWizard.tsx:113-117,134-138,150 (full `responses` state posted on every goBack/goNext/submit — stale map overwrites newer per-key values); supabase/migrations/0015_client_intake_forms.sql:27-30 (schema: status + responses jsonb; no version column in any later migration)",,,,,,"New migration: add client_intake_forms.responses_version integer NOT NULL DEFAULT 0. Actions: SELECT responses_version with responses; UPDATE … SET responses_version = v+1 WHERE id=… AND status='in_progress' AND responses_version=v; zero rows with in_progress status → return a typed 'conflict' result; IntakeWizard reloads server state, re-merges the user's unsaved fields, and reprompts. Keep the existing per-key merge.",,hosted parity 0133; head 0a5741f,2e98ef535f924475,"Two real mitigations are merged and deployed: (1) per-key merge of incoming payload over the DB's current responses (app/intake/[token]/actions.ts:89-94 save, 158-161 submit) so a payload that omits keys cannot blow them away; (2) atomic conditional UPDATEs on status='in_progress' (:102-117, :186-208) so post-submit writes and double-submits cannot clobber a submitted record. But there is NO optimistic concurrency: no version column, no updated_at compare-and-swap, and the wizard posts its ENTIRE in-memory responses map on every back/next navigation and on submit (app/intake/[token]/IntakeWizard.tsx:113-117, 134-138, 150). Two tabs/devices on the same link (P1-03 makes multiple live links likely — every resend/reminder mints another) each hold full stale maps; every save silently overwrites the row's newer values key-by-key with the sender's stale values. A stale offline client that reconnects and saves reverts newer answers with no error, no conflict signal, no audit.",No concurrency-control migration exists in 0001-0133 (client_intake_forms has no version column; 0015/0044/0097/0098/0118 add none). The remaining fix requires a new migration.,No concurrency-control migration exists in 0001-0133 (client_intake_forms has no version column; 0015/0044/0097/0098/0118 add none). The remaining fix requires a new migration.,Deployed mitigations live for all studios (no flag). Missing CAS: not built.,Intake autosave exercised in real Willow pilot use; the lost-update race is a latent defect with no production incident record found.,,A Willow client who opens the intake link on phone and laptop (or resumes an old offline tab after a reminder email) can silently lose newer answers — including allergy/medication answers — leaving Chloe to review clinically incomplete or reverted data with no indication anything was lost.,,,,Acceptance ('two writers / stale offline saves cannot silently lose answers') is not met: last-write-wins per key with full-map payloads means a stale writer silently reverts newer answers. The merged merge-semantics and atomic status guard eliminate the omitted-key clobber and the post-submit race — genuine partial credit — but the core lost-update criterion materially remains.,,,,,,,,,,,,,,,,,,all,,,,UNMAPPED_HISTORICAL,,NOT_INDIVIDUALLY_RE_VERIFIED,,,,,,,,,
docs/roadmap/P1_MASTER_REGISTER_2026-07-18.csv,P1-05,,P1,2026-07-18,0a5741f,PARTIALLY FIXED,"app/intake/[token]/actions.ts:38-46 (key whitelist only — values passed through untouched: `out[key] = value`); lib/intake/questions.ts:763-799 (isAnswerProvided/findMissingRequiredAnswers: presence checks only, no enum/length/type validation); next.config.ts:56-57 (serverActions bodySizeLimit: '16mb' — global, so intake actions accept up to 16MB payloads); lib/rate-limit/public.ts:277-278 (intake_save 30/5m, intake_submit 5/5m — bounds frequency, not payload size/shape); app/intake/[token]/IntakeWizard.tsx:76-105 (enum/date checks are client-side only); supabase/migrations/0015_client_intake_forms.sql:30 (responses jsonb — no CHECK on size/shape)",,,,,,Code-only PR (no migration): add validateResponses(responses) to lib/intake/questions.ts — schema-driven type/enum/length/cardinality enforcement + a total-serialized-size cap (e.g. 64KB) — called from both saveIntakeStepAction and submitIntakeAction after sanitizeResponses; reject invalid values with the existing generic error; pin with tests.,,hosted parity 0133; head 0a5741f,2e98ef535f924475,"Only key-level and presence-level validation exists. Merged/deployed: sanitizeResponses whitelists payload keys to ALL_QUESTION_KEYS (+ _notes siblings) so arbitrary fields cannot be injected (app/intake/[token]/actions.ts:38-46); step is bounds-checked 1..TOTAL_STEPS (:67-69); submit runs findMissingRequiredAnswers (conditional-aware required-presence, lib/intake/questions.ts:785-799). NOT implemented: any VALUE validation — a whitelisted key accepts ANY JSON value (multi-megabyte strings, deeply nested objects, wrong types); select/multi_select values are never checked against the schema's Option enums; no string length limits; no array cardinality caps; no total responses size limit at the action or DB layer. The global server-action body limit is 16mb (next.config.ts:56-57), and the intake_save rate limit is 30/5m (lib/rate-limit/public.ts:277), so a token bearer can repeatedly persist ~16MB of arbitrary JSON into the responses jsonb. Client-side validateStep enum/date checks (IntakeWizard.tsx:76-105) are browser-only and bypassable.",N/A for the app-layer validator (none needed); no DB CHECK constraint on responses shape/size exists either (0015 and successors).,N/A for the app-layer validator (none needed); no DB CHECK constraint on responses shape/size exists either (0015 and successors).,Deployed partial checks live for all studios (no flag). Strict value/schema validation: not built.,"The whitelist + required-check paths run on every real production intake save/submit (Willow pilot); the missing validations are simply absent, nothing to exercise.",,"A bearer of any live Willow intake link can store megabytes of garbage or out-of-schema values into the clinical intake record; downstream consumers (review-flags, fitzpatrick derivation, syncIntakeToClient profile promotion) read these values and could render corrupted data on Chloe's review surfaces.",,,,"Acceptance requires exact schema validation, strict enums, lengths, array/cardinality, and total-body limits. Only unknown-key rejection, step bounds, and required-presence are met; every value-level criterion (types, enums, lengths, cardinality, total size) is unmet server-side. Genuine merged partial coverage → PARTIALLY FIXED, with the bulk of the acceptance still OPEN.",,,,,,,,,,,,,,,,,,all,,,,UNMAPPED_HISTORICAL,,NOT_INDIVIDUALLY_RE_VERIFIED,,,,,,,,,
docs/roadmap/P1_MASTER_REGISTER_2026-07-18.csv,P1-06,,P1,2026-07-18,0a5741f,PARTIALLY FIXED,"app/intake/[token]/actions.ts:294-300 (client row SELECT — stale basis for the patch); app/intake/[token]/actions.ts:311-341 (fill-only-if-null per field; allergies concat computed in JS from the stale read); app/intake/[token]/actions.ts:344-347 (UPDATE … eq('id', clientId) only — no IS NULL guards, no CAS, silent last-write in the race window); app/intake/[token]/actions.ts:210-215,348-350 (sync failures logged and swallowed; no conflict signal to anyone)",,,,,,"Code-only PR (no migration): rewrite syncIntakeToClient to issue per-field conditional UPDATEs (WHERE field IS NULL) and an atomic SQL allergies append (single UPDATE with allergies = CASE WHEN … concat), compare affected-row results to detect conflicts, and log detected conflicts to ops_alerts with a practitioner-visible note on the intake review page.",,hosted parity 0133; head 0a5741f,2e98ef535f924475,"The broad overwrite class is designed out, but conflict DETECTION does not exist. Merged/deployed (app/intake/[token]/actions.ts:270-351): syncIntakeToClient promotes intake answers to the clients row with fill-only-if-null for emergency_contact_name/phone, date_of_birth, pronouns, address (a practitioner value present at read time is never overwritten) and append-only allergies (existing text preserved under a dated 'From client intake' marker; EpiPen line first). However the implementation is read-then-write: it SELECTs the client row (:294-300), builds the patch in JS, then issues an UNCONDITIONAL UPDATE (:344-347) with no per-field IS NULL predicates, no updated_at/version CAS, and no server-side SQL concat for allergies. A practitioner edit committed between the SELECT and the UPDATE is silently overwritten — worst for allergies, where the whole concatenated string (based on the stale read) replaces the practitioner's fresh edit. No conflict is detected, logged, or surfaced anywhere; failures are swallowed by design (:214).",None exists or is strictly required for the remaining fix (conditional writes are code-level); no conflict-detection support in 0001-0133.,None exists or is strictly required for the remaining fix (conditional writes are code-level); no conflict-detection support in 0001-0133.,Live for all studios (no flag) — runs on every intake submission's winner branch.,Exercised in real production intake submissions (Willow pilot); the residual race window is milliseconds wide and no production incident record found.,,"Low-probability but clinical-safety-relevant for the pilot: if Chloe edits a client's allergies at the same moment that client submits their intake, her edit can be silently replaced by a concat based on the pre-edit value — allergy/EpiPen data is exactly the field where silent loss matters most.",,,,"Acceptance is 'profile-promotion conflicts detected, not silent-last-write'. The merged field rules (fill-only-if-null, append-only allergies) eliminate the common case — an intake submission can no longer clobber values Chloe entered before the submission — which is substantial partial credit. But within the SELECT→UPDATE window a concurrent practitioner edit still loses silently, and there is zero conflict detection, so the named acceptance criterion remains unmet → PARTIALLY FIXED.",,,,,,,,,,,,,,,,,,all,,,,UNMAPPED_HISTORICAL,,NOT_INDIVIDUALLY_RE_VERIFIED,,,,,,,,,
docs/roadmap/P1_MASTER_REGISTER_2026-07-18.csv,P1-07,,P1,2026-07-18,0a5741f,PARTIALLY FIXED,"app/cancel/[token]/actions.ts:348-385 — ack insert after RPC commit; documented non-rollback + non-retryable; failure only logged (public_cancel_policy_ack_insert_failed); app/reschedule/[token]/actions.ts:755-791 — same pattern after reschedule_appointment; public_reschedule_policy_ack_insert_failed log-only; supabase/migrations/0056_appointment_policy_acknowledgements.sql:30-107 — NOT NULL snapshot columns default '', hash CHECK, RLS SELECT-only (append-only by default-deny), service-role-only writes; lib/booking/policy-acknowledgement.ts:61-75 — canonical SHA-256 snapshot hash shared by both actions; grep of supabase/migrations: appointment_policy_acknowledgements appears only in 0056/0064/0083 — no lifecycle RPC inserts the ack row in-transaction; app/cancel/[token]/actions.ts:183-219 — requiresAck gate enforced pre-RPC, so the requirement (not the evidence) is checked before the transition",,,,,,"New migration: add p_ack_* params (snapshot texts + hash, or a requires-ack boolean) to public_cancel_appointment_with_token and reschedule_appointment; insert the appointment_policy_acknowledgements row inside the RPC transaction and fail the transition if the insert fails; app actions pass the pre-gate snapshot and drop the post-commit inserts.",,hosted parity 0133; head 0a5741f,2e98ef535f924475,"Immutable-snapshot criterion met: migration 0056 table has NOT NULL snapshot columns + SHA-256 hash CHECK and is append-only by RLS default-deny (SELECT-only policy); shared hash helper lib/booking/policy-acknowledgement.ts:61-75. Atomicity criterion NOT met: in both public flows the ack row is inserted AFTER the state-transition RPC commits, best-effort, with failure only logged — app/cancel/[token]/actions.ts:360-385 (after public_cancel_appointment_with_token, comment at 348-354: 'Failure to write this row does NOT roll back the cancel... we cannot retry the ack here') and app/reschedule/[token]/actions.ts:762-791 (after reschedule_appointment, comment at 755-756). No cancel/reschedule RPC touches appointment_policy_acknowledgements (only migrations 0056/0064/0083 reference the table; 0064/0083 are fee logic). A cancel/reschedule can therefore commit with the acknowledgement evidence permanently lost and unrecoverable (the RPC rejects re-runs on non-confirmed state).","0056 authored and applied (hosted max = 0133, full parity). No migration exists that moves the ack insert inside the transition transaction (would require new RPC signatures for public_cancel_appointment_with_token / reschedule_appointment).","0056 authored and applied (hosted max = 0133, full parity). No migration exists that moves the ack insert inside the transition transaction (would require new RPC signatures for public_cancel_appointment_with_token / reschedule_appointment).",enabled — no feature flag; ack requirement + post-commit evidence write are live for any studio with policy text on file (hasAnyPolicy gate).,Live on prod head 0a5741f: public /cancel/[token] and /reschedule/[token] surfaces are active for all studios. The non-atomic evidence path executes on every policy-holding studio's client cancel/reschedule; no validation record claims the atomicity gap was closed.,,"Willow has live public cancel/reschedule with policy text; a transient DB failure on the ack insert would leave a committed cancellation with no acknowledgement evidence — a compliance/record-keeping gap, not a data-loss or availability risk.",,,,"One of two acceptance criteria (immutable policy snapshots) is met in merged+deployed code; the material criterion (acknowledgement evidence commits atomically with the state transition) is unmet — the ack insert is post-commit, non-transactional, non-retryable by design in both flows.",,,,,,,,,,,,,,,,,,all,,,,UNMAPPED_HISTORICAL,,NOT_INDIVIDUALLY_RE_VERIFIED,,,,,,,,,
docs/roadmap/P1_MASTER_REGISTER_2026-07-18.csv,P1-10,,P1,2026-07-18,0a5741f,PARTIALLY FIXED,"app/book/[slug]/actions.ts:770-825 — bare appointments INSERT (own autocommit), 23P01 → slot_taken; no wrapping transaction with the client write; app/book/[slug]/actions.ts:669-673, 625-631 — client row INSERT / sms_consent_at stamp commit before the appointment insert (partial commit if the slot race fires); lib/treatment-time/queries.ts:284-285 — getTreatmentTimeContextForEmail throws on DB error; called uncaught post-commit at app/book/[slug]/actions.ts:941; lib/app-origin.ts:53-56 — getRequiredAppOrigin throws in misconfigured prod; called post-commit at actions.ts:883; app/book/[slug]/actions.ts:1019-1025 — posthog capture + await flush uncaught, last steps before return { ok: true }; app/book/[slug]/actions.ts:944-967 + lib/email/send-appointment.ts:120-193 — email path is result-based, never throws; recordEmailAttempt records truthfully; supabase/migrations/0029_double_booking_constraint.sql:236-240 — exclusion constraint backing the no-duplicate guarantee; No idempotency key anywhere in the action (grep: no idempotency/dedup token besides the slot exclusion)",,,,,,"Migration adding public_book_appointment RPC (SECURITY DEFINER, service-role-only) doing client-resolve/insert + appointment insert + appointment_audit + booking_tracking_consents in one transaction with a unique (studio_id, idempotency_key); action becomes a thin wrapper whose entire post-commit notification block is inside try/catch returning ok:true with degraded flags; make the treatment-time context call non-throwing at this call site.",,hosted parity 0133; head 0a5741f,2e98ef535f924475,"No-duplicate criterion met: 0029 GiST exclusion no_overlapping_active_appointments_per_studio + 23P01 mapping (app/book/[slug]/actions.ts:799-815) makes same-slot races/retries safe. Graceful-degradation partially met: email is result-based with truthful recordEmailAttempt (actions.ts:944-967; lib/email/send-appointment.ts sendEmailSafely never throws), SMS helper never throws (979-992), practitioner notification + marketing consent are fire-and-forget. NOT met: (1) no single authoritative command — the booking is a multi-autocommit sequence (client INSERT actions.ts:669-673 and sms_consent_at UPDATE 625-631 commit before the appointment INSERT 770-792; a slot-race failure strands them), (2) uncaught post-commit throws can report failure for a committed booking: getTreatmentTimeContextForEmail THROWS on DB error (lib/treatment-time/queries.ts:284-285, called uncaught at actions.ts:941), getRequiredAppOrigin() throws on missing env (lib/app-origin.ts:53-56, called at 883), PostHog constructor/flush at 1019-1025 sits uncaught before return ok, (3) no idempotency key — a retry after a post-commit failure gets a misleading 'slot taken' error instead of recognizing its own booking.","No booking-command RPC exists in 0001-0133 (reschedule has one, 0029 step 10; public booking does not). 0029/0030 exclusion constraints applied. No migration pending.","No booking-command RPC exists in 0001-0133 (reschedule has one, 0029 step 10; public booking does not). 0029/0030 exclusion constraints applied. No migration pending.","enabled — public booking is live, unflagged, for all 3 studios.","Exercised in production continuously (Willow live pilot takes real public bookings). The committed-but-reported-failed path requires a post-commit throw (transient DB error in the treatment-time read, env misconfig, or PostHog failure) — no evidence it has fired, and no validation record covers it.",,"Real Willow clients book publicly today. Failure modes: stranded client rows / consent stamps on slot races (benign clutter), and — on a transient DB error during the confirmation-email prep — a client shown an error for a booking that actually committed, likely causing a confused retry or a phone call. No duplicate-appointment risk for the same slot.",,,,"Material criteria met in merged code (exclusion-constraint dedup for the same slot; non-throwing email/SMS providers with truthful attempt recording), but the core criteria — one authoritative booking command, idempotent retries, and a guarantee that post-commit failures never surface as a booking failure — remain unmet: concrete throwing calls sit between the appointment commit and the ok return.",,,,,,,,,,,,,,,,,,all,,,,UNMAPPED_HISTORICAL,,NOT_INDIVIDUALLY_RE_VERIFIED,,,,,,,,,
docs/roadmap/P1_MASTER_REGISTER_2026-07-18.csv,P1-11,,P1,2026-07-18,0a5741f,PARTIALLY FIXED,"app/book/[slug]/actions.ts:851-872 — consent insert in void async IIFE post-commit; failure logged only (public_booking_marketing_consent_insert_failed); app/book/[slug]/actions.ts:890-901 — inline void dispatchBookingConversion with consentGranted: marketingConsent (form value), racing the consent insert; lib/conversion/dispatch.ts:61-62 — Gate 1 = params.consentGranted; no read of booking_tracking_consents anywhere in the dispatcher; lib/conversion/dispatch.ts:109-115 — claim_conversion_delivery atomic dedup (0106) with deterministic event id; lib/conversion/dispatch.ts:146-158 — failed send is terminal (failed row + warning alert); no retry path; app/api/cron contains no conversion job; supabase/migrations/0106_studio_marketing_tracking.sql:142,189-193 — delivery log + dedup claim RPC; no intent/outbox table; lib/booking/marketing-consent.ts:30-44 — consent row is bookkeeping-only; no dispatch linkage",,,,,,"Migration adding a conversion_intents (outbox) table + RPC that inserts booking_tracking_consents and the intent atomically; move dispatch to a cron/worker drain that re-reads the consent row per intent, keeps claim_conversion_delivery dedup, and retries with a bounded backoff; booking action only enqueues.",,hosted parity 0133; head 0a5741f,2e98ef535f924475,"Idempotent-dedup criterion partially met: claim_conversion_delivery (migration 0106) is an atomic (studio_id, provider, event_id) claim with deterministic bookingEventId(appointmentId), so duplicate dispatch attempts dedup (lib/conversion/dispatch.ts:109-115). NOT met: (1) consent evidence + durable provider intent are not atomic — the booking_tracking_consents insert is a fire-and-forget void IIFE after the appointment commit (app/book/[slug]/actions.ts:851-872, failure only logged) and no durable intent/outbox row is written at commit; dispatch is inline in-process (void dispatchBookingConversion, actions.ts:890-901) and dies silently with the process; (2) consent is NOT rechecked before dispatch — Gate 1 checks the in-memory form flag params.consentGranted (dispatch.ts:61-62) and never reads booking_tracking_consents; dispatch even races the consent insert; (3) no replay — failed deliveries are terminal ('failed' row + warning ops alert, dispatch.ts:146-158); app/api/cron has no conversion job and dispatchBookingConversion has no other caller.",0106 (booking_tracking_consents + conversion_event_deliveries + claim_conversion_delivery) and 0107 (encrypted token) applied (<= 0133). No migration provides an intent/outbox table or a transactional consent+intent write.,0106 (booking_tracking_consents + conversion_event_deliveries + claim_conversion_delivery) and 0107 (encrypted token) applied (<= 0133). No migration provides an intent/outbox table or a transactional consent+intent write.,"Consent-evidence capture: enabled (unflagged, every public booking). Provider dispatch: disabled in effect — gates require a studio_tracking_providers row with enabled=true plus a decryptable per-studio token (dispatch.ts:70-77, 117-128); code/docs state production has no provider rows (inert). Hosted row-state not re-verified tonight.","Consent rows are written on live bookings (fire-and-forget). Provider dispatch has never been exercised in production (no enabled provider, no validation record).",,"None today: Willow has no tracking provider configured, so no data leaves. Risk is latent — if a provider is ever enabled, a dispatch could fire for a booking whose consent row failed to persist (evidence gap), and transient provider failures silently drop conversions with no replay.",,,,"The deployed 0106 dedup claim satisfies the idempotency half of one criterion, but the two material criteria — atomic consent evidence + durable intent, and a DB consent recheck at dispatch time — are absent: consent persistence is best-effort post-commit and the dispatcher trusts an in-memory flag with no durable queue or replay.",,,,,,,,,,,,,,,,,,all,,,,UNMAPPED_HISTORICAL,,NOT_INDIVIDUALLY_RE_VERIFIED,,,,,,,,,
docs/roadmap/P1_MASTER_REGISTER_2026-07-18.csv,HNE-CAL-001,,P1,2026-07-18,0a5741f,OPEN,"supabase/migrations/0029_double_booking_constraint.sql:236-240 — exclusion keyed (studio_id with =, tstzrange &&), status='confirmed'; supabase/migrations/0030_calendar_reservations.sql:556-562 — cross-type shadow exclusion keyed on studio_id only; table schema (130-137) has no practitioner column; supabase/migrations/0133_practitioner_move_appointment.sql:12-16, 48-58 — reuses the per-studio constraints; practitioner id is authorization-only; docs/integrations/google-calendar-sync.md:64-89 — studio-wide scheduling documented as a deliberate product constraint with a hard Phase-C gate until practitioner-resource-aware; docs/02_DOMAIN_MODEL.md:48,1690 (13_BACKLOG) — v1 studio-wide visibility/solo-practitioner model documented",,,,,,"Not a tonight-fix. Either (a) formally accept: record HNE-CAL-001 as an accepted product constraint referencing google-calendar-sync.md §1 in the risk register, or (b) design PR: add resource_id to appointments + reservations shadow (backfilled to one resource per studio), re-key both exclusions on (studio_id, resource_id), and make slots/RPCs resource-aware — gated on the multi-practitioner product decision.",,hosted parity 0133; head 0a5741f,2e98ef535f924475,"Finding factually confirmed and unremediated: both live GiST exclusions key on studio_id only — 0029 no_overlapping_active_appointments_per_studio (appointments: studio_id with =, tstzrange(starts_at, blocked_ends_at) && where status='confirmed') and 0030 no_overlapping_calendar_reservations_per_studio (shadow table, all reservation kinds). studio_calendar_reservations has no practitioner/resource column at all (0030:130-137). The newest lifecycle RPC, 0133 practitioner_move_appointment, explicitly relies on the SAME per-studio constraints (0133:12-16); its p_practitioner_id is authorization/audit only (0133:48-58), not a resource dimension. So two legitimate parallel appointments (different practitioners, overlapping times, same studio) cannot coexist. The second acceptance clause is satisfied within the current model: the single studio-wide resource IS race-safe (constraint-enforced at the DB, 23P01 rolls back whole transactions in booking/reschedule/move paths).","0029, 0030, 0133 all applied (hosted max = 0133). No migration in 0001-0133 introduces a per-practitioner/resource collision key.","0029, 0030, 0133 all applied (hosted max = 0133). No migration in 0001-0133 introduces a per-practitioner/resource collision key.","enabled — the studio-wide exclusion constraints are unconditional DB constraints, always enforced (no flag).",Enforced on every live booking/reschedule/move in production (23P01 handling paths exist and are exercised at pilot scale). The unmet behavior (parallel appointments) is never exercised because all 3 studios are effectively solo-practitioner.,,"None in practice: Willow is a solo-practitioner studio, so the studio genuinely is one exclusive chair/resource and the constraint matches reality while remaining fully race-safe. Becomes blocking only if a multi-practitioner studio onboards or Phase C Google-busy requires practitioner-resource-awareness (already a documented hard gate).",,,,"The headline acceptance criterion — parallel legitimate appointments succeed — is architecturally unmet with zero remediation progress; the studio remains one exclusive resource. This is, however, a documented deliberate v1 product constraint, not an oversight: docs/integrations/google-calendar-sync.md §1 'Product constraint: Hone scheduling is studio-wide today' records it and hard-gates Phase C (Google busy) on either whole-studio-block or practitioner-resource-awareness. Race-safety of the sole existing resource is intact, so this is an accepted product-model limitation rather than a correctness defect today.",,,,,,,,,,,,,,,,,,all,,,,UNMAPPED_HISTORICAL,,NOT_INDIVIDUALLY_RE_VERIFIED,,,,,,,,,
docs/roadmap/P1_MASTER_REGISTER_2026-07-18.csv,HNE-STO-001,,P1,2026-07-18,0a5741f,PARTIALLY FIXED,"supabase/migrations/0093_harden_treatment_image_storage.sql:37-57 — bucket-privacy DO block and storage.objects policy-drop DO block both catch insufficient_privilege, raise notice, and continue; supabase/migrations/0092_treatment_images.sql:33-40,111-132 same pattern. Applied to hosted (max 0133; docs/production/migration-ledger.md:59 '✅ (NOT pending)').; Grep of supabase/migrations 0094-0133: no migration touches storage.buckets/storage.objects again — only incidental 'storage' mentions in 0095/0096/0099/0119 (snapshot fields)/0120 (RPC params). No re-assertion of storage posture.; scripts/verify-production.mjs:184-199 fail-closed '0093 bucket' check (exists + private via supabase db query --linked); :202-224 treatment_images RLS policies + integrity trigger; :575-580 printed MANUAL storage.objects dashboard check (PR #315); :36-39 'NOT a CI gate … NOT a live-payment enablement script'. Contract pinned by tests/scripts/verify-production.test.ts.; app/(app)/clients/[id]/images/actions.ts — service-role upload (line ~173-176) and createSignedUrl (~284-287) against the fixed TREATMENT_IMAGES_BUCKET with path validation (lib/images/treatment-images.ts validateTreatmentImagePath) but NO runtime bucket-posture (public/private) check; app/(app)/clients/[id]/images/page.tsx has no feature flag — Treatment Photos live for all studios (docs/12_SMOKE_TESTS.md:1058).; docs/production/current-state.md:25,207-212 — documented production verifier run: '11 PASS · 0 FAIL · 1 INCOMPLETE' explicitly including 'treatment-images bucket private + RLS policies + integrity trigger' (recorded at migration max 0124; doc last reconciled 2026-07-17).; docs/16_LIVE_PAYMENTS_READINESS.md §17.13:1331 — storage.objects policies 'not introspectable from the linked query role, so this stays manual … the live prod policy list itself can only be eyeballed here'; db-lane pin (tests/db/treatment-image-hardening.db.test.ts) covers local/CI Supabase only, never hosted.; docs/21_SUPERVISED_PILOT_CHECKLIST.md:34-35 — NO-GO if 'verify-production.mjs fails, or the treatment-image bucket is missing / not private'; :86-99 verifier + dashboard private-policy verification items, all still unchecked '[ ]' (procedural template, no dated completion record).; docs/12_SMOKE_TESTS.md:1110 — storage-isolation audit (PR #315): bucket privacy 'verify-production-asserted'; the identified gap was verification-precision (missing storage.objects manual-check line), fixed PRINT-ONLY — no blocking logic added. Production has 3 real treatment_images rows (current-state.md 0123 verify record), so the feature is exercised with real Willow data.",,,,,,"Small hardening PR, no migration: (1) add a fail-closed runtime posture assertion to the treatment-image server actions or a cached periodic check (service-role storage.getBucket('treatment-images') must return public=false; on mismatch, refuse upload/sign with the existing generic error + raise a critical ops_alert); (2) add a service-role storage.objects policy introspection to the /admin health surface (service-role CAN read pg_policies for storage.objects) so the manual-only dashboard check becomes automated; (3) extend verify-production.mjs to use that same introspection path when available; (4) record a dated completed storage.objects dashboard verification in docs/production/current-state.md. Keeps 0092/0093 untouched; posture manifest = private bucket + zero authenticated/anon treatment-images policies.",,hosted parity 0133; head 0a5741f,2e98ef535f924475,"The silent-skip remains: 0093's bucket-privacy update and storage.objects policy drops are both wrapped in `exception when insufficient_privilege then raise notice` blocks that continue (supabase/migrations/0093_harden_treatment_image_storage.sql:37-57; 0092 same pattern for bucket creation/policies), and NO migration 0094-0133 re-asserts storage posture. Compensating detection is merged on prod head 0a5741f: scripts/verify-production.mjs runs a fail-closed '0093 bucket' check (treatment-images exists AND private=true, lines 184-199, FAIL + non-zero exit on mismatch/error) plus treatment_images RLS-policy/integrity-trigger checks (202-224), and prints a mandatory MANUAL Supabase-dashboard check for storage.objects policies (575-580, PR #315) because those policies are owned by supabase_storage_admin and not introspectable from the linked query role. There is NO blocking gate anywhere: the verifier is explicitly 'NOT a CI gate' (script header) and not an enablement step; the upload/sign server actions (app/(app)/clients/[id]/images/actions.ts) use the service-role client against the fixed bucket with no runtime bucket-posture check (no getBucket/public verification), and the photos page has no feature flag.","0092 and 0093 are hosted-applied (hosted max = repo max = 0133; docs/production/migration-ledger.md:59 marks 0093 '✅ (NOT pending)', :132-133 confirms 0093/0094/0095/0096/0107 applied). However, applied-ness does not prove the storage-schema portions took effect (the DO blocks can no-op with a notice) — that proof lives only in the operator verifier run (bucket privacy) and the manual dashboard check (storage.objects). No follow-up storage-posture migration exists or is needed for the remaining work (the fix is app/tooling-side).","0092 and 0093 are hosted-applied (hosted max = repo max = 0133; docs/production/migration-ledger.md:59 marks 0093 '✅ (NOT pending)', :132-133 confirms 0093/0094/0095/0096/0107 applied). However, applied-ness does not prove the storage-schema portions took effect (the DO blocks can no-op with a notice) — that proof lives only in the operator verifier run (bucket privacy) and the manual dashboard check (storage.objects). No follow-up storage-posture migration exists or is needed for the remaining work (the fix is app/tooling-side).","disabled (as a gate) — no posture-mismatch blocking mechanism exists or is enabled at runtime, CI, or deploy. Meanwhile the photo feature itself is LIVE for all studios with no flag ('Treatment Photos is live', docs/12_SMOKE_TESTS.md:1058), i.e. photo enablement is unconditional and never consults storage posture; the compensating verifier is operator-run on demand only.",Partially exercised in production: docs/production/current-state.md:25 and :207-212 record a real production verify-production run — 11 PASS · 0 FAIL · 1 INCOMPLETE (heartbeat/local-Upstash only) — explicitly confirming 'treatment-images bucket private + RLS policies + integrity trigger' (recorded at migration max 0124; doc last reconciled 2026-07-17). The manual storage.objects dashboard check has NO completion record found anywhere (docs/21 checklist items remain unchecked '[ ]'; docs/16 §17.13:1331 says the live policy list 'can only be eyeballed here'; the db-lane pin tests/db/treatment-image-hardening.db.test.ts runs against local/CI Supabase only). The photo pipeline itself is production-exercised: 3 real treatment_images rows exist in prod (current-state.md 0123 post-apply verify record).,,"Willow is the live pilot with real client treatment photos in the private bucket (3 production treatment_images rows). Per the last documented verifier run the posture is correct (bucket private, service-role-only objects per 0093 reasoning), so there is no known present exposure. But because photo enablement is unconditional and there is no automated posture monitor, a hosted storage-posture drift (bucket made public, an authenticated/foreign-bucket storage.objects policy added) would expose Willow's real clinical photos while everything continues to appear to work — detection depends entirely on an operator remembering to re-run verify-production and eyeball the dashboard.",,,,"The finding's mechanism is confirmed and unremediated at the migration layer — 0093 (and 0092) can silently no-op their storage-schema portions on insufficient_privilege, and nothing since re-asserts posture. The acceptance criterion ('photo enablement blocked when hosted storage posture differs from approved manifest') is NOT met: there is no runtime, CI, deploy, or flag-based gate tying photo availability to storage posture — photos are live unconditionally and would keep working (and keep signing URLs) even if the bucket flipped public or an authenticated storage.objects policy appeared. However, material partial remediation is merged + deployed and was exercised: the fail-closed verify-production '0093 bucket' check makes bucket-privacy drift no longer SILENT when the operator runbook is followed, docs/21 makes verifier failure or a non-private bucket an explicit pilot NO-GO condition (lines 34-35), and a documented production run passed all storage checks. The storage.objects half of the posture remains manual-only with no completion record. Some criteria met in merged code, material criteria remain → PARTIALLY FIXED.",,,,,,,,,,,,,,,,,,all,,,,UNMAPPED_HISTORICAL,,NOT_INDIVIDUALLY_RE_VERIFIED,,,,,,,,,
docs/roadmap/P1_MASTER_REGISTER_2026-07-18.csv,HNE-REC-001,,P1,2026-07-18,0a5741f,DEPLOYED,"supabase/migrations/0119_clinical_record_finalization_phase1.sql:458-611 finalize_session (flag check :508, CAS :533, append-only snapshot insert, session_audit event); supabase/migrations/0119_clinical_record_finalization_phase1.sql:285-417 guard_finalized_clinical_write + 5 table triggers, no service-role bypass; supabase/migrations/0120_clinical_record_corrections_amendments_phase2.sql:94-219 append-only clinical_record_amendments + clinical_audit_events; :238-360 guard with the sole narrow hone.correction_session_id permit; supabase/migrations/0120_clinical_record_corrections_amendments_phase2.sql:505-800 amend_finalized_session / amend_finalized_session_with_image / correct_finalized_session (version N+1, supersedes_snapshot_id, reason+actor attribution, flag re-checked in-RPC); app/(app)/clients/[id]/sessions/[sessionId]/finalize-actions.ts:41 and correction-actions.ts:130,291 + page.tsx:307,334 — studio-flag gates (default OFF); docs/production/current-state.md:34-53 — Phase 1 exercised on Sam's controlled studio then flag disabled; Phase 2 deployed dormant, 0 amendments/corrections ever, customer workflow PARKED, not approved for Willow; docs/production/migration-ledger.md rows 0119/0120 — applied+merged (PR #399 merge d84180f, PR #400 merge 6de3b5d), flags OFF for all studios; current-state.md 0119 verify: all 59 pre-existing sessions record_origin='legacy' (ineligible for finalization; legacy_classification deferred)",,,,,,"No code PR required for the built scope. Activation plan instead: (1) operator+customer-approved enablement of clinical_finalization_enabled for willow-electrolysis, (2) build the parked full-chart correction workspace before enabling clinical_corrections_enabled, (3) a legacy-classification migration/queue so pre-0119 Willow history can enter the finalization model.",,hosted parity 0133; head 0a5741f,2e98ef535f924475,"Complete in merged code on prod head 0a5741f. DB: migration 0119 = finalize_session RPC (SECURITY DEFINER, flag enforced INSIDE the RPC, compare-and-set on record_version, idempotent, min-charting re-validated on the persisted snapshot) + append-only clinical_record_snapshots (UPDATE/DELETE blocked for all roles, RESTRICT FKs) + guard_finalized_clinical_write triggers on sessions/session_blocks/electrolysis_entries/laser_entries/treatment_images with NO service-role/auth.uid()/GUC bypass. Migration 0120 = append-only clinical_record_amendments + clinical_audit_events, amend_finalized_session / amend_finalized_session_with_image / correct_finalized_session RPCs (reason required, actor server-derived, version N+1 snapshot supersedes and preserves all priors), and the single narrow transaction-local session-scoped GUC permit hone.correction_session_id. App: finalize-actions.ts, correction-actions.ts, FinalizeSessionCard, RecordVersionsPanel, all studio-flag-gated; PR #402 amendment-path reliability/observability merged.","0119 applied hosted 2026-07-10, 0120 applied 2026-07-11 (both migration-first, additive/inert, per docs/production/migration-ledger.md); both <= 0133 so on prod. No pending migration.",on prod head,"disabled — clinical_finalization_enabled and clinical_corrections_enabled are OFF for all 3 studios (default false; docs/production/current-state.md Clinical Record status table). Gates enforced both in server actions (finalize-actions.ts:41, correction-actions.ts:130) and inside the RPCs (0119:508, 0120:529/610/693), so no finalize/amend/correct path is reachable in production.","Phase 1 finalization boundary WAS production-exercised once on Sam's controlled studio (1 synthetic native session finalized via the real UI; immutable v1 snapshot; finalized-lock rejections verified even via service-role; flag then disabled — documented in current-state.md and migration-ledger 0119 entry). The amendment/correction path — the core of this finding's acceptance — has NEVER been exercised in production: 0 amendments, 0 corrections, 0 clinical_audit_events; an earlier UI amendment attempt failed with an unproven historic root cause (current-state.md:53).",,"Willow's entire completed treatment history is unprotected today: every session is an editable draft (legacy-origin rows are not even finalizable), so any edit silently rewrites completed history with only session_audit rows as after-the-fact trace. The full enforcement stack is deployed and inert for Willow; turning it on is an authorization/UX decision, not an engineering one, except that legacy records need their own path.",,,,"Acceptance ('every post-finalization change is an explicit attributable amendment preserving prior values') is fully met in deployed code+schema: once a session is finalized, DB triggers block every direct write for every role and the only mutation paths are the attributable append-only amendment and version-N+1 correction RPCs. But both studio flags are OFF everywhere, so no production record can become finalized and the enforcement is inert; the amendment half has zero production exercise and the Phase-2 customer workflow is explicitly PARKED. Additionally, all 59 pre-0119 sessions (including Willow's real history) are record_origin='legacy' and ineligible for finalization, so even flag-on would not cover existing completed history. Therefore DEPLOYED, not PRODUCTION VERIFIED (only the finalization boundary, not the amendment model, has a documented controlled exercise) and not OPEN (nothing remains to build for the defined scope).",,,,,,,,,,,,,,,,,,all,,,,UNMAPPED_HISTORICAL,,NOT_INDIVIDUALLY_RE_VERIFIED,,,,,,,,,
docs/roadmap/P1_MASTER_REGISTER_2026-07-18.csv,P1-13,,P1,2026-07-18,0a5741f,DEPLOYED,"git: d5ff51d (PR #411), c437b21 (PR #414), 6bdb7ec (PR #357) all merge-base ancestors of 0a5741f; lib/observation-chips.ts:58-143 normalizeChips/resolveDisplayChips/verifyStoredChips (strict raw read-back: noncanonical/duplicate/missing/unexpected all fail); app/(app)/clients/[id]/sessions/[sessionId]/actions.ts:227-408 — chips parsed FIRST, persisted, read back with .select(""observation_chips"") and verified; explicit user-facing failure messages, returns observationChips on success; components/entry-row.tsx:86,252,326 — resolveDisplayChips → ObservationChips pills in all read/history surfaces (session page, session-blocks-view, session-timeline); app/(app)/clients/[id]/sessions/[sessionId]/block-setup-form.tsx:276,610,1235-1258 and simplified-entry-form.tsx:145,400-423 — preload + toggle + SelectedObservations confidence strip; app/(app)/settings/data/actions.ts:83,368-369,428 — observation_chips in the studio data export CSV; supabase/migrations/0119_clinical_record_finalization_phase1.sql build_session_snapshot — 'observation_chips', e.observation_chips in electrolysis_entries snapshot array; tests/lib/observation-chips-loading.test.ts, tests/db/observation-chips-persistence.db.test.ts, e2e/observation-chips-save-cycle.spec.ts",,,,,,"None required for the contract. Optional follow-ups: a docs-only PR recording the production verification, and a dedicated printable/exportable chart view if a formal chart-print artifact becomes a requirement.",,hosted parity 0133; head 0a5741f,2e98ef535f924475,"All acceptance criteria met in merged code on prod head. lib/observation-chips.ts is the single chip contract: canonical vocabulary + explicit legacy aliases, normalizeChips, resolveDisplayChips (structured column first, legacy comments hydration second — nothing lost), toggleChip (no visual-only state), and STRICT raw read-back verifyStoredChips. Persistence: addElectrolysisEntryAction parses the structured observation_chips field BEFORE saving, inserts, then read-back-verifies the stored row and fails loudly on mismatch (actions.ts:170-408); block path writes normalizedChips (block-actions.ts:1344). Reload/preload: block-setup-form.tsx:276 and simplified-entry-form.tsx use the same contract. Visible narrative/history: components/entry-row.tsx:86,252,326 renders chips as pills in the session view, session-blocks-view and client session-timeline; SelectedObservations confidence strip (PR #414). Export: settings/data CSV includes observation_chips (actions.ts:83,368,428). Finalization: build_session_snapshot (0119) captures observation_chips per entry. Tests: tests/lib/observation-chips-loading.test.ts + observation-chips.test.ts + observation-chips-vocabulary.test.ts, tests/app/sessions/add-electrolysis-entry-action.test.ts, tests/db/observation-chips-persistence.db.test.ts, e2e/observation-chips-loading.spec.ts + save-cycle spec.","Column migration 0108 (electrolysis_entries.observation_chips) applied (<= 0133). PRs #357 (6bdb7ec), #411 (merge d5ff51d, 2026-07-12 — the SimplifiedEntryForm/addElectrolysisEntryAction gap fix), #414 (merge c437b21) all verified ancestors of prod head 0a5741f via git merge-base. No further migration needed (display+persist fix was code-only, non-destructive).",on prod head,"enabled — live for all studios, no feature flag anywhere on the chip path.","Live in Willow's daily charting since the 2026-07-12 deploy (PR #411 was shipped as a 'Willow emergency' fix). However, no explicit documented post-#411 controlled production verification record exists in docs/ — release-changelog.md still lists only the #357 row and current-state.md:140 just says 'Live'; so production proof is inferred from live usage, not documented.",,"This was Chloe's chart-reliability emergency; the fix is live for Willow with no flag. Chips selected in either entry form now persist structurally, are read-back-verified (a failure is surfaced, never silent), reload as pills in history, and flow into export and any future finalized snapshot. Legacy pre-0108 rows still render their chips via comments hydration, so no historical observation was lost.",,,,"Every acceptance clause is satisfied in deployed code: selection is explicit structured state (never re-derived from free text), persists with strict read-back verification (a failed write surfaces an error instead of silently dropping chips), reloads via the shared resolveDisplayChips contract, renders in the visible narrative/history pills, is included in the CSV export and in the 0119 finalization snapshot. The original defect (chips written by block-setup-form only; SimplifiedEntryForm/addElectrolysisEntryAction never migrated) is closed by merged PR #411, hardened by #414, both on the prod head. Not PRODUCTION VERIFIED per the strict rule: docs contain no explicit post-fix production validation record. Note: prior memory claiming '#411 open, NOT merged' is stale — git proves the merge.",,,,,,,,,,,,,,,,,,all,,,,UNMAPPED_HISTORICAL,,NOT_INDIVIDUALLY_RE_VERIFIED,,,,,,,,,
docs/roadmap/P1_MASTER_REGISTER_2026-07-18.csv,HNE-CONC-001,,P1,2026-07-18,0a5741f,PARTIALLY FIXED,"supabase/migrations/0119_...sql:533-536 finalize CAS ('Record version conflict'); app/(app)/clients/[id]/sessions/[sessionId]/finalize-actions.ts:24,49-55 passes record_version; supabase/migrations/0120_...sql correct_finalized_session: 'if p_expected_record_version is null or <> v_version then raise' — CAS on corrections; supabase/migrations/0129_atomic_session_block_area_writes.sql:99,128-130 — p_expected_updated_at CAS with FOR UPDATE, but 'if p_expected_updated_at is not null' makes it OPT-IN; block-setup-form.tsx:610 expectedUpdatedAt: block.updated_at; block-actions.ts:1280-1290 maps stale_block_version to a reload prompt; block-actions.ts:1305-1313 plain block update (no token) and :1330-1358 first-entry patch overwriting comments/observation_chips/readings with no CAS; app/(app)/clients/[id]/sessions/[sessionId]/actions.ts:538,577,621,738 — price/next_session_note/performer/started_at updates filtered only by id+studio: last-write-wins; app/intake/[token]/actions.ts:74-117 — responses merge based on a pre-update SELECT; conditional only on status='in_progress', so concurrent in-progress saves silently drop the first writer's fields; [id]/intake/actions.ts:43,83 plain practitioner overwrites; supabase/migrations/0118_intake_terminal_immutability.sql:37-101 — submitted/reviewed answers immutable to authenticated callers (terminal protection only)",,,,,,Single focused PR: (a) thread expectedUpdatedAt through the remaining session/block/entry write actions and refuse-with-reload on mismatch (reuse the 0129 pattern and its distinct error mapping); (b) migration making update_session_block_with_areas' p_expected_updated_at NOT NULL; (c) add a responses_version (or updated_at CAS) to client_intake_forms in-progress saves and practitioner edits; (d) unit + DB tests for each stale-conflict rejection.,,hosted parity 0133; head 0a5741f,2e98ef535f924475,"Compare-and-swap exists on SOME paths, all merged+deployed: (1) finalize_session requires p_expected_record_version equal to the row's record_version (0119); the form posts record_version and the action passes it (finalize-actions.ts:24,49-55). (2) correct_finalized_session has the same CAS (0120:704-706 region). (3) The block area-edit path is protected: 0129 update_session_block_with_areas takes p_expected_updated_at, FOR UPDATE-locks the block, and raises 'stale_block_version' on mismatch; block-setup-form supplies block.updated_at (line 610) and block-actions maps the conflict to a reload prompt (1280-1290). (4) Intake terminal states are immutable to authenticated callers (0118 trigger) and intake save/submit use an atomic status='in_progress' conditional update. NOT protected (last-write-wins, no token): sessions.next_session_note (actions.ts:577), performed_by_practitioner_id (:621), started_at (:738), price_paid_cents (:538); the non-areas plain block update path (block-actions.ts:1305-1313) and the first-entry clinical patch (comments/observation_chips/readings, block-actions.ts:1330-1358); the 0129 CAS is skipped entirely when p_expected_updated_at is null (0129:128 — opt-in, not mandatory); intake in-progress saves are a read-modify-write merge of responses with no version check (app/intake/[token]/actions.ts:74-117 — the merge base is read before the conditional update, so two concurrent saves silently lose the first writer's fields; the status guard only protects the submitted transition); practitioner intake updates are plain overwrites ([id]/intake/actions.ts:43, practitioner_notes :83). Draft sessions' record_version stays 1 and is never used as a token for draft edits.","All shipped protections are hosted-applied: 0118 (intake terminal immutability), 0119/0120 (finalize/correction CAS), 0129 (block-area CAS) — all <= 0133. No migration exists for draft-edit or intake-responses versioning.","All shipped protections are hosted-applied: 0118 (intake terminal immutability), 0119/0120 (finalize/correction CAS), 0129 (block-area CAS) — all <= 0133. No migration exists for draft-edit or intake-responses versioning.","Mixed: the block-area CAS (0129) and intake terminal immutability (0118) are live and unconditional in production. The finalize/correction CAS is deployed but unreachable — both clinical flags are OFF for every studio, so in practice the only active clinical CAS today is the block-area path.",No documented production exercise of any stale-conflict rejection. The 0129 path is live in Willow's daily charting (its conflict branch would fire on a real race); the finalize/correction CAS has only the Sam controlled Phase-1 exercise (finalize happy-path). Intake lost-update race has never been demonstrated or tested against production.,,"Real but bounded at pilot scale: Willow charting is effectively single-practitioner, yet the iPad + second-tab/second-device pattern Chloe uses can produce silent lost updates on session notes, entry readings and chips via the unprotected paths; an intake being completed by a client while the practitioner edits the same form can silently drop answers. The one protected clinical path (block area edits) is the highest-traffic one, which reduces day-to-day exposure.",,,,"Acceptance ('a stale client cannot silently overwrite a newer clinical/intake version') is met only for finalized records (flag-gated, currently unreachable), the block area-edit path, and intake terminal states. Material silent-overwrite windows remain in merged code: most draft session field edits, the plain block/first-entry update paths, and the intake responses merge are all last-write-wins with no version token — exactly the failure mode the finding describes. Hence PARTIALLY FIXED: some criteria met in merged code, material criteria remain.",,,,,,,,,,,,,,,,,,all,,,,UNMAPPED_HISTORICAL,,NOT_INDIVIDUALLY_RE_VERIFIED,,,,,,,,,
docs/roadmap/P1_MASTER_REGISTER_2026-07-18.csv,HNE-AUD-001,,P1,2026-07-18,0a5741f,PARTIALLY FIXED,"supabase/migrations/0001_init.sql:294 'audit_logs: members insert' policy (is_studio_member only; actor_id unconstrained) — never dropped through 0133; supabase/migrations/0010_booking_v1.sql:291 appointment_audit_member_insert (appointment-visibility only; actor_type/actor_id/action caller-chosen) — never hardened; 0117 hardened session_audit only (cross-tenant + actor binding, content still forgeable); app/(app)/calendar/actions.ts:261 in-app appointment creation: `await supabase.from(""appointment_audit"").insert({...})` result never checked — audit failure silently leaves the created appointment unaudited; app/book/[slug]/actions.ts:874 same pattern on the non-card public booking path; app/(app)/clients/[id]/actions.ts:309-326 archive (and :361 restore): audit_logs insert AFTER the mutation, failure only console.error'd; app/(app)/clients/[id]/sessions/[sessionId]/actions.ts:751-760 same for session_audit; app/api/twilio/inbound-sms/route.ts:312 same for sms_opt_out; lib/audit/admin-actions.ts:61-69 'FAIL-SOFT: never throws... audit-before-write BLOCKING is intentionally NOT enforced' — admin_action_events (0113: RLS with no policies + revoke = non-user-forgeable table, but non-transactional writes); Criteria-meeting counter-surfaces all deployed: 0032:1478/1508 _append_stripe_payment_audit in-RPC + revoked; 0086 trigger-authored record_keeping_audit_events (docs/13_BACKLOG_AND_DECISIONS.md:612 explicitly calls session_audit 'app-written and forgeable'); 0119:161+580-603 finalize_session snapshot in-RPC; 0120:206/567/654/779 clinical_audit_events revoked + in-RPC; 0133:126 'An audit-insert failure rolls back the appointment update in the same transaction'; docs/13_BACKLOG_AND_DECISIONS.md:632 'append-only audit_logs is post-live' (deliberate deferral); docs/roadmap/CANONICAL_ROADMAP.md:1383 Appendix B lists 'non-forgeable transaction-mandatory audit evidence' as still-to-reconcile; :439-443 SEC-14 requires server-authored immutable audit events; No generic audit triggers outside 0032/0086/0089/0120 (trigger grep) — client demographic edits, service/pricing changes, practitioner membership changes produce no audit event at all",,,,,,"Audit-evidence hardening PR (migration 0134+, code-first ordering because deployed writers depend on the member INSERT policies): (1) add SECURITY DEFINER writer RPCs (or authorship triggers) for audit_logs / appointment_audit / session_audit that bind actor to auth.uid() server-side, migrate the app writers (calendar create, public booking, client archive/restore, session edit, SMS opt-out, studio export) onto them, then drop the three member INSERT policies + revoke direct grants; (2) fold appointment-creation audit into the creating transaction (extend the booking RPC or an AFTER INSERT trigger on appointments) for both the in-app and non-card public paths; (3) make archive/restore + session-edit + opt-out audit fail-closed (roll back or refuse on audit failure), mirroring the existing studio-export fail-closed pattern; (4) separately decide the admin_action_events blocking posture (documented deferral — pair with SEC-13 platform-admin identity work); (5) add events for currently-unaudited critical mutations (client demographic edits, service/pricing, practitioner membership). Pin with tests that authenticated clients get permission-denied on direct audit-table INSERT and that a forced audit failure aborts the mutation.",,hosted parity 0133; head 0a5741f,2e98ef535f924475,"Mixed on prod head 0a5741f. MET for newer surfaces: stripe_payment_audit (0032; RLS no-policies, in-RPC private writer _append_stripe_payment_audit, immutability trigger), record_keeping_audit_events (0086; trigger-authored, SELECT-only RLS), clinical_record_snapshots (0119) + clinical_audit_events (0120; insert revoked from authenticated/anon, append-only triggers, in-RPC inserts), admin_action_events (0113; zero RLS policies + revokes = non-user-insertable), and appointment lifecycle RPCs with in-transaction audit (cancel 0063/0091, practitioner cancel 0033, reschedule 0066, complete 0032:4090, move 0133 with explicit rollback semantics, card-required booking finalize 0032:3275). NOT MET: audit_logs (0001:294), appointment_audit (0010:291), and session_audit (0008, tightened only for cross-tenant/actor in 0117) all retain member INSERT policies, so any authenticated studio member can fabricate audit rows (appointment_audit actor_type/actor_id/action fully caller-chosen; finalize_session's own evidence rows at 0119:603 land in the forgeable session_audit table). Multiple critical transitions use best-effort insert-after-mutate audit that never rolls back: in-app appointment creation (app/(app)/calendar/actions.ts:261 fire-and-forget, result unchecked), non-card public booking (app/book/[slug]/actions.ts:874 unchecked), client archive/restore (app/(app)/clients/[id]/actions.ts:309/361 log-and-continue), session started_at edit (app/(app)/clients/[id]/sessions/[sessionId]/actions.ts:751), SMS opt-out (app/api/twilio/inbound-sms/route.ts:312), and all admin actions (lib/audit/admin-actions.ts:69 'FAIL-SOFT: never throws' by documented design). Some tenant mutations (client demographic edits, service/pricing changes, practitioner membership changes) have no audit event at all.","All relevant migrations applied: hosted max = repo max = 0133 (established fact), so 0001/0008/0010/0032/0033/0044/0063/0066/0086/0087/0088/0090/0091/0113/0117/0119/0120/0133 are all live in prod. No migration exists (0001-0133) that removes or hardens the member INSERT policies on audit_logs or appointment_audit; 0117 hardened session_audit only against cross-tenant/foreign-actor inserts, not within-tenant content forgery.","All relevant migrations applied: hosted max = repo max = 0133 (established fact), so 0001/0008/0010/0032/0033/0044/0063/0066/0086/0087/0088/0090/0091/0113/0117/0119/0120/0133 are all live in prod. No migration exists (0001-0133) that removes or hardens the member INSERT policies on audit_logs or appointment_audit; 0117 hardened session_audit only against cross-tenant/foreign-actor inserts, not within-tenant content forgery.","Always-on for the deployed portions — RLS policies, triggers, and RPC audit are not feature-flag gated and apply to all 3 studios including willow-electrolysis. Exception: the strongest clinical audit path (clinical_audit_events correction/amendment RPCs, 0120) is deployed but effectively disabled because clinical_corrections_enabled defaults false and both clinical flags are OFF (Clinical Phase 2 parked), so that audit surface is dormant.","Legacy forgeable/best-effort paths (appointment_audit, audit_logs, session_audit) are exercised daily by the live Willow pilot (bookings, cancels, archives, exports, SMS opt-outs). Payment audit exercised in test-mode payments. record_keeping_audit_events exercised via the Record Keeping module. clinical_audit_events NOT exercised (flags off). admin_action_events exercised on /admin operator actions. No documented controlled production exercise validates the acceptance criteria end-to-end — and it cannot pass while the forgeable INSERT policies exist.",,"Willow (protected pilot, live daily use) is the tenant whose records depend on the weak legacy tables: any Willow practitioner account (or an attacker with one session) could fabricate appointment_audit rows attributed to clients, forge audit_logs entries (e.g. a fake studio_export or client_archived with someone else's actor_id), or insert misleading session_audit rows alongside genuine finalization evidence — and a transient DB error can silently drop the audit row for a real appointment creation, client archive, or SMS opt-out while the mutation stands. This weakens the medico-legal evidentiary value of Willow's clinical/appointment history relative to the newer payment/record-keeping/clinical surfaces. No data-loss or availability risk; it is an evidence-integrity gap. No action needed on Willow data itself.",,,,"The acceptance criteria ('every critical state transition has one durable non-user-forgeable event; audit failure rolls back mandatory mutation') are met only for the newer audit generations (payments 0032, record keeping 0086, clinical 0119/0120, admin table posture 0113, most appointment lifecycle RPCs incl. 0133), all merged and deployed. They remain unmet for the three legacy audit tables, which are user-insertable under live RLS policies (within-tenant forgery), and for several critical transitions whose audit is app-level insert-after-mutate that is explicitly fail-open (or entirely unchecked), so audit failure never rolls back the mutation. The codebase itself acknowledges both gaps: docs/13_BACKLOG_AND_DECISIONS.md:612 ('the repo's older session_audit pattern is app-written and forgeable; deliberately not reused') and :632 ('append-only audit_logs is post-live'); docs/roadmap/CANONICAL_ROADMAP.md:1383 still lists 'non-forgeable transaction-mandatory audit evidence' as an unreconciled launch-critical category. Hence PARTIALLY FIXED: material criteria met in merged code for some flows, material criteria remain open for others. Not FALSE POSITIVE (the forgeable policies are demonstrably live) and not DEPLOYED (criteria are not fully met in code anywhere).",,,,,,,,,,,,,,,,,,all,,,,UNMAPPED_HISTORICAL,,NOT_INDIVIDUALLY_RE_VERIFIED,,,,,,,,,
docs/roadmap/P1_MASTER_REGISTER_2026-07-18.csv,HNE-SAA-001,,P1,2026-07-18,0a5741f,OPEN,"app/(auth)/login/actions.ts:7-78 — invite-only magic link; shouldCreateUser gated on pending_invitations match, fails closed; app/admin/studios/new/actions.ts:27-149 — createStudioWithOwnerInvite operator gate (isAdmin re-check), service-role inserts; comment: studios has NO INSERT policy; lib/admin.ts:4-30,69 — isAdmin = ADMIN_EMAILS env allowlist, fail-closed in production; supabase/migrations (0001-0133 full create-table list) — no subscriptions/plans/invoices/tenant-billing tables; studios table (0001_init.sql:10-16) has no status/billing columns; supabase/migrations/0032_stripe_connect_phase_1.sql + client_stripe_customers/studio_payment_settings tables — Stripe is studios-charge-clients, not Hone-bills-studios; app/pricing/page.tsx:33-105,126-257 — CAD plans, 'Talk to us', walkthrough-request CTA; no checkout link; app/actions/demo.ts + supabase/migrations/0006_demo_requests.sql + app/admin/actions.ts:9 markDemoContactedAction — manual sales funnel; lib/supabase/middleware.ts:148-198 — 0-active-practitioner users redirected to /no-access (invite-only gate)",,,,,,"Not a single PR — program-level epic requiring product authorization: (1) self-serve signup + studio creation reusing the invitation/handle_new_user machinery, (2) Stripe Billing (subscriptions) schema + webhooks distinct from the existing client-payments Connect stack, (3) studio status/offboarding model. Sequence behind explicit approval; keep invite-only gate until launch decision.",,hosted parity 0133; head 0a5741f,2e98ef535f924475,"Absent. No public signup route exists (app/(auth) contains only login/, no-access/, and auth/callback/). Login is deliberately invite-only: app/(auth)/login/actions.ts (PR #189) sets signInWithOtp shouldCreateUser=true only when a service-role lookup finds a pending_invitations match, and fails CLOSED on lookup error; uninvited emails get 'signups not allowed'. Studio provisioning is operator-only: app/admin/studios/new/actions.ts createStudioWithOwnerInvite re-checks isAdmin (ADMIN_EMAILS env allowlist, fail-closed in production per lib/admin.ts:12-30) and uses the service-role client because studios has NO INSERT RLS policy. No SaaS subscription billing exists: zero subscription/plan/invoice/tenant-billing tables across migrations 0001-0133; every Stripe surface (0032_stripe_connect_phase_1, client_stripe_customers, studio_payment_settings, stripe_charge_attempts, quick checkout) is studios charging THEIR clients, not Hone billing studios. Pricing page (app/pricing/page.tsx) CTAs are walkthrough-request/mailto only ('Talk to us'), backed by demo_requests (migration 0006) and manual admin markDemoContactedAction — a human sales funnel. No offboarding: no deactivate/suspend/delete-studio action anywhere in app/admin (studio detail page app/admin/studios/[id]/page.tsx is read-only stats), and studios has no status column (0001_init + 0010 booking columns only). Middleware bounces authenticated users with 0 active practitioner rows to /no-access (lib/supabase/middleware.ts:148-198).","Not applicable — no migrations for self-serve signup, subscription billing, or offboarding exist (repo/hosted max 0133 contains none of these capabilities).","Not applicable — no migrations for self-serve signup, subscription billing, or offboarding exist (repo/hosted max 0133 contains none of these capabilities).",Not applicable — no feature flag; the capability does not exist to enable. The live posture is intentionally the opposite (invite-only gate active in production).,"Never exercised and cannot be: a stranger cannot become a studio (invite-only OTP + operator-only studio wizard), cannot pay Hone (no subscription billing), and cannot leave (no offboarding). All 3 production studios were operator-provisioned.",,None operationally — Willow is an operator-provisioned protected pilot studio and is unaffected by the absence of self-serve lifecycle. The gap only blocks general-availability SaaS launch beyond hand-provisioned pilots.,,,,"Acceptance criterion — stranger becomes an active paying studio and leaves without DB/provider/env/code intervention — is not met on any leg. Signup, tenant billing, and offboarding are all absent by design at head 0a5741f; the admin studio wizard is operator-only provisioning (double isAdmin gate + service-role, no RLS INSERT path), so nothing partial toward SELF-service has landed. Expected-OPEN confirmed.",,,,,,,,,,,,,,,,,,all,,,,UNMAPPED_HISTORICAL,,NOT_INDIVIDUALLY_RE_VERIFIED,,,,,,,,,
docs/roadmap/P1_MASTER_REGISTER_2026-07-18.csv,HNE-LOC-001,,P1,2026-07-18,0a5741f,OPEN,"supabase/migrations 0001-0133 full create-table list — no locations/organizations/rooms/resources table; supabase/migrations/0010_booking_v1.sql:24 — studios.address is a single free-text column (only physical-location datum per tenant); supabase/migrations/0010_booking_v1.sql:174-190 — appointments columns: studio_id/practitioner_id/client_id/service_id only; no location_id/room/resource; Availability tables all studio-scoped: studio_availability_default, studio_availability_overrides, studio_blockouts, studio_timed_blocks, studio_recurring_break_rules/occurrences — no per-location dimension; lib/email/send-appointment.ts:387 and app/calendar-feed/[token]/route.ts:132-160 — studios.address used only as display/iCal LOCATION text; supabase/migrations/0006_demo_requests.sql:9 — demo_requests.location is free-text lead-capture, not a domain entity; app/pricing/page.tsx:35 — explicit comment that marketing makes no multi-location claims; grep of lib/ and app/ for domain 'location' usage — only ical/email display, demo form, and browser window.location hits; no location authorization logic",,,,,,"Not a single PR — requires a domain-model design decision first (organization -> studio -> location hierarchy vs locations within studio), then a migration series adding a locations table + location_id backfill (defaulting existing rows to a per-studio primary location) + RLS extensions, then per-surface adoption (booking, availability, inventory). Do not start without explicit product authorization; it intersects the studio-wide-scheduling constraint noted for Google Calendar Phase C.",,hosted parity 0133; head 0a5741f,2e98ef535f924475,"Absent — multi-location is not a domain model at head 0a5741f. No locations, organizations, rooms, or resources table exists in any migration 0001-0133 (verified against the full create-table list). Tenancy is single-level: every location-sensitive entity (appointments 0010_booking_v1.sql:174-190, sessions, clients, services, all studio_availability_* / studio_blockouts / studio_timed_blocks / studio_recurring_break_* tables) carries only studio_id; there is no location_id column anywhere and no location-scoped authorization rule. The only 'location' data is (a) studios.address, a single free-text column (0010_booking_v1.sql:24) used purely for display in appointment emails (lib/email/send-appointment.ts:387) and iCal LOCATION lines (app/calendar-feed/[token]/route.ts:139, lib/booking/ical.ts:57-58,84-85), and (b) demo_requests.location, a free-text marketing-lead field (0006_demo_requests.sql:9). Scheduling/availability is explicitly studio-wide (one availability surface per studio), consistent with the known Google-Calendar Phase-C hard constraint. The marketing site deliberately makes no multi-location claims (app/pricing/page.tsx:35 comment).","Not applicable — no location-model migrations exist; nothing partial (no location tables, no location_id columns, no location RLS) has landed in 0001-0133.","Not applicable — no location-model migrations exist; nothing partial (no location tables, no location_id columns, no location RLS) has landed in 0001-0133.",Not applicable — no flag; the domain model does not exist.,Never — impossible to exercise; all 3 production studios operate as single-location tenants with at most a display-only address string.,,None today — Willow is a single-location studio and the studio==location assumption matches her reality. The gap only constrains future multi-location customers and any Phase-C busy-blocking design that must become location/resource-aware.,,,,"Acceptance criterion — every location-sensitive entity/action has an explicit location owner + authorization rule — is unmet everywhere: there is no location entity to own anything, no location dimension on appointments/availability/inventory/records, and authorization is exclusively studio_id-scoped RLS. Confirmed program-level OPEN with zero partial landing; the product currently equates studio == single location by construction.",,,,,,,,,,,,,,,,,,all,,,,UNMAPPED_HISTORICAL,,NOT_INDIVIDUALLY_RE_VERIFIED,,,,,,,,,
docs/roadmap/P1_MASTER_REGISTER_2026-07-18.csv,HNE-ADM-001,,P1,2026-07-18,0a5741f,PARTIALLY FIXED,"/Users/chloebaca/Hone/lib/admin.ts:42-72 — isAdmin = ADMIN_EMAILS allowlist, fail-closed in prod, dev fallback list; /Users/chloebaca/Hone/app/admin/studios/new/actions.ts:37-79 — isAdmin check then createAdminClient() service-role cross-studio writes; /Users/chloebaca/Hone/lib/supabase/admin-server.ts:9-27 — service-role client, RLS bypass, server-only import guard; /Users/chloebaca/Hone/app/(auth)/login/actions.ts:59 (signInWithOtp) + login/page.tsx:38 (signInWithOAuth) — single-factor login; repo-wide grep for aal2/mfa/totp/two-factor: no auth step-up anywhere; /Users/chloebaca/Hone/supabase/migrations/0113_admin_action_events.sql:9-17,62-71 — 'NO is_admin() SQL function'; RLS with no policies; audit applied (<=0133); /Users/chloebaca/Hone/lib/audit/admin-actions.ts:60-105 — FAIL-SOFT logAdminAction (audit outage never blocks the action); read-only page views not logged (docs/security/admin-audit-log.md); /Users/chloebaca/Hone/lib/supabase/middleware.ts:156-209 — /admin + isAdmin carve-out past the no-studio gate; isAdmin re-checked downstream; /Users/chloebaca/Hone/docs/roadmap/CAPABILITY_MANIFEST.json:85 — register note: 'ADMIN_EMAILS env allowlist + service-role (HNE-ADM-001 open)'",,,,,,"hardening/admin-step-up: (1) add an assertAdminElevated() helper that verifies isAdmin AND AAL2 (Supabase MFA) AND a recent re-auth timestamp, adopted by all /admin actions and layouts; (2) enroll TOTP for ADMIN_EMAILS accounts; (3) log admin read views via logAdminAction; (4) follow-up migration introducing a platform_admins table consulted alongside ADMIN_EMAILS (expand/verify/contract) to enable DB-attributable admin identity. No behavior change for tenants; no flag needed; Willow untouched.",,hosted parity 0133; head 0a5741f,2e98ef535f924475,"Admin authorization on prod head 0a5741f is still email-allowlist-only: lib/admin.ts isAdmin() (ADMIN_EMAILS env, fail-closed in production, dev fallback samyukth.ssv@gmail.com) is the sole gate before every /admin server action calls createAdminClient() (service-role, RLS-bypassing) for cross-studio writes (studio+owner-invite creation app/admin/studios/new/actions.ts, ops-alert resolve + test critical alert app/admin/ops-alerts/actions.ts, demo-request update app/admin/actions.ts) and cross-studio reads (admin dashboard, payments manual-review, audit page). Practitioner/operator login is single-factor passwordless magic-link OTP or Google OAuth (app/(auth)/login); zero AAL2/MFA/step-up code exists anywhere (grep aal2|mfa|totp across lib/, app/, all 133 migrations: no hits). No DB-level admin role or is_admin() SQL function (0113 documents this as deliberate), no elevation/re-auth ceremony. What IS in place: fail-closed prod allowlist (no hardcoded fallback), server-only guard on the service key (lib/supabase/admin-server.ts imports ""server-only""), middleware carve-out limited to /admin paths AND isAdmin email (lib/supabase/middleware.ts:156-209), and the 0113 append-only admin_action_events audit trail with blocked-attempt logging and metadata redaction — but that trail is FAIL-SOFT (an audit outage never blocks the action; lib/audit/admin-actions.ts) and does not log read-only admin page views. Net: an allowlisted email alone (plus mailbox possession) still unlocks service-role operations; only the audit axis of the acceptance is met.","Audit migration 0113 (admin_action_events: RLS enabled with zero policies, write grants revoked from authenticated+anon, service-role-only) is <= 0133 and therefore APPLIED to hosted prod. No migration exists for a DB-level admin role, MFA enforcement, or elevation — none authored.","Audit migration 0113 (admin_action_events: RLS enabled with zero policies, write grants revoked from authenticated+anon, service-role-only) is <= 0133 and therefore APPLIED to hosted prod. No migration exists for a DB-level admin role, MFA enforcement, or elevation — none authored.","enabled (partial): the /admin surface and the 0113 audit trail are live in production with no feature flag (platform admin = ADMIN_EMAILS env allowlist per established facts). The missing controls (AAL2/MFA step-up, DB admin role, elevation) do not exist in code, so there is nothing to enable for them.","The allowlist+service-role path is production-exercised (3 studios exist; studio provisioning runs through this operator flow, and docs/security/admin-audit-log.md documents the wired audit actions). No validation record exists for the acceptance's missing controls because they are unbuilt; no MFA/elevation exercise is possible.",,"High latent exposure: any allowlisted mailbox compromise (magic-link is single-factor) yields RLS-bypassing service-role read/write over ALL studios including the protected willow-electrolysis pilot (clients, sessions, clinical notes, payment metadata). Mutations through wired admin actions would be audited (fail-soft); cross-studio reads would leave no trail. No change to Willow's day-to-day behavior; risk is operator-account-centric.",,,,"Acceptance requires that an allowlisted email alone never unlocks service-role operations, backed by DB roles, AAL2/MFA, elevation, and audit. The audit criterion is met in deployed code (0113 + lib/audit/admin-actions.ts, append-only, redacted, blocked-attempt logging), and the allowlist itself was hardened fail-closed — so some criteria are met on prod head. But the material criteria remain: a single-factor magic-link session for an allowlisted mailbox immediately unlocks RLS-bypassing cross-tenant service-role reads and writes with no MFA/AAL2 assertion, no DB-level role separation, and no elevation step; the audit is fail-soft and read views are unlogged. Hence PARTIALLY FIXED, not DEPLOYED — the acceptance as a whole is not met. The project's own capability manifest still marks HNE-ADM-001 open.",,,,,,,,,,,,,,,,,,all,,,,UNMAPPED_HISTORICAL,,NOT_INDIVIDUALLY_RE_VERIFIED,,,,,,,,,
docs/roadmap/P1_MASTER_REGISTER_2026-07-18.csv,HNE-RBAC-001,,P1,2026-07-18,0a5741f,OPEN,"/Users/chloebaca/Hone/supabase/migrations/0001_init.sql:24 — role text check (role in ('owner','practitioner')): two-tier only, no capability model; /Users/chloebaca/Hone/supabase/migrations/0001_init.sql:153-184 — is_studio_member/is_studio_owner definitions (both require active=true); grep counts across supabase/migrations/*.sql: is_studio_member 202 hits in 40 files; is_studio_owner 45 hits in 9 files; 18 'members all' policies; e.g. 0001_init.sql:254-257 'clients: members all' FOR ALL to any active member; No capability framework in app code: grep 'capabilit' in lib/+app/ matches only Stripe Connect capability strings (lib/payments/payment-status-presenter.ts); Owner-only app gates exist but only on config/financial surfaces: app/(app)/settings/**/actions.ts, lib/billing/payment-refund.ts:270, app/(app)/records/actions.ts:339, app/(app)/calendar/move-appointment-actions.ts:159; /Users/chloebaca/Hone/supabase/migrations/0133_practitioner_move_appointment.sql:49,148 — newest RPC is service-role-only; authorization is the app action's coarse membership check (+owner for custom time); /Users/chloebaca/Hone/lib/supabase/queries.ts:170-198 — requirePractitionerWithStudio resolves ACTIVE membership only (invite-only gate), but returns full app access regardless of role; /Users/chloebaca/Hone/docs/roadmap/CANONICAL_ROADMAP.md:1173 — TEN-ROLES 'capability model, ownership, invitation/session lifecycle' scheduled as future phase",,,,,,"rbac/capability-model phase 1 (no behavior change): introduce lib/authz/capabilities.ts (role→capability map where owner ⊇ practitioner exactly reproduces today's checks) + authorize() helper, and mechanically convert existing role!=='owner' checks and requirePractitionerWithStudio call sites to it with parity tests. Phase 2 (separate PR + additive migrations, per-tenant verification): tighten the FOR ALL member RLS policies into per-operation policies starting with destructive ops, keeping current grants identical for existing roles so Willow sees zero change; new finer roles only after that. Aligns with roadmap TEN-ROLES.",,hosted parity 0133; head 0a5741f,2e98ef535f924475,"Tenant authorization on prod head 0a5741f remains predominantly coarse active-membership: the role model is a fixed two-value check constraint role in ('owner','practitioner') (0001_init.sql:24) with no capability/permission table or capability framework anywhere in lib/ or app/ (only Stripe 'capability' strings exist). RLS: is_studio_member() appears 202 times across 40 of 133 migration files vs is_studio_owner() 45 times across 9 files; 18 '<table>: members all' FOR ALL policies grant ANY active member full CRUD on core clinical/client tables (clients, client_pricing, sessions, electrolysis/laser entries, photos, ...). Owner-only enforcement DOES exist for a specific band of sensitive operations at both layers — RLS (studios update, practitioners manage, pending_invitations 0007, calendar_reservations 0030, Stripe RPCs 0032/0103 re-check is_studio_owner, exposure incidents 0088, imported treatment memory 0089) and app actions (~30 practitioner.role !== 'owner' gates across settings/payments/team/consent/tracking/import/data/records hard-delete, refunds lib/billing/payment-refund.ts:270, custom-time move calendar/move-appointment-actions.ts:159). Both SQL helpers and the app membership resolvers require active=true, and the invite-only middleware gate blocks no-studio users. But this owner/member split is the ORIGINAL 0001 design the finding already described ('predominantly coarse'); no per-operation capability authorization was added. Newest RPC 0133 is service-role-only with authorization delegated to the app action's membership+role check.",Schema is at full parity (repo max = hosted max = 0133); everything described is applied. No capability-model migration exists — the two-role constraint from 0001 is unchanged through 0133.,Schema is at full parity (repo max = hosted max = 0133); everything described is applied. No capability-model migration exists — the two-role constraint from 0001 is unchanged through 0133.,enabled (the coarse model is what is live): studio-scoped RLS + the two-tier owner/practitioner checks run unconditionally in production for all 3 studios; no feature flag. The required explicit-capability model does not exist to enable.,The coarse member-level policies are exercised daily by the live Willow pilot and Sam's test studio; the owner-only gates are exercised on settings/payments surfaces. The acceptance's capability model has never been exercised because it is unbuilt.,,"Low today, structural tomorrow: willow-electrolysis is effectively single-practitioner (Chloe as owner), so coarse member access currently collapses to owner access and nothing changes for her. The risk activates the moment any studio (Willow included) adds a second active practitioner: that person immediately gets full CRUD over all clients, appointments, clinical entries, photos, and clinical notes with no capability restriction — a multi-staff-studio blocker for SaaS scale-out rather than a live pilot defect. Any remediation must be expand/verify/contract so Willow's existing single-owner behavior is provably unchanged.",,,,"Acceptance requires every operation be denied unless the caller's active studio role has an explicit capability for that operation. In code, authorization for the bulk of operations (all client/clinical/session/appointment CRUD) is bare active studio membership via 202 is_studio_member policy usages including 18 FOR ALL 'members all' policies — any active practitioner can read, modify, and (where policies allow) delete any clinical/client record in the studio with no per-operation capability distinction. The owner/practitioner split that covers financial/config surfaces predates the finding and is exactly what the finding characterized as 'predominantly coarse'; no remediation toward a capability model has merged (no capability table, no role→capability map, no authorize() helper). The project roadmap itself schedules this as future work (TEN-ROLES: 'capability model, ownership, invitation/session lifecycle'). Therefore the acceptance criteria are not met in code: OPEN (the pre-existing owner gates and active=true enforcement are mitigating design facts, not partial remediation of this finding).",,,,,,,,,,,,,,,,,,all,,,,UNMAPPED_HISTORICAL,,NOT_INDIVIDUALLY_RE_VERIFIED,,,,,,,,,
docs/roadmap/P1_MASTER_REGISTER_2026-07-18.csv,P1-08,,P1,2026-07-18,0a5741f,PARTIALLY FIXED,"app/api/stripe/webhook/route.ts:647-659 — pre-flip UPDATE to status='removed' runs before the INSERT (661-680); two statements, no transaction; app/api/stripe/webhook/route.ts:686-693 — any 23505 on INSERT (including the 0104 one-active unique from a concurrent distinct event) returns idempotent success, silently dropping the new card; app/api/stripe/webhook/route.ts:575-598 — SELECT-first idempotency covers same-SetupIntent re-delivery only; no created-time fence for distinct out-of-order SetupIntents; supabase/migrations/0059_client_payment_methods_setup_intent_unique.sql — duplicate-delivery DB backstop (applied); supabase/migrations/0104_one_active_card_per_pair_per_mode.sql:10-15 — its own comment documents the 23505-treated-as-idempotent silent-drop failure mode; grep of supabase/migrations + lib for a transactional client_payment_methods replace RPC: none exists; lib/billing/payment-webhook-reconciliation.ts:115-145 — mode-matching guard means live setup_intent.succeeded events are processed in prod",,,,,,"Add a service-role transactional RPC replace_client_payment_method (retire same-mode active + insert new active atomically, with SetupIntent created-time fencing); webhook calls it instead of the UPDATE+INSERT pair; split the 23505 handling by constraint name; add a critical ops alert for the zero-active-card window; unit + DB-lane tests for out-of-order and concurrent distinct-event races. No migration to hosted until approved (migration-first process).",,hosted parity 0133; head 0a5741f,2e98ef535f924475,"Duplicate-delivery safety IS implemented and deployed: SELECT-first idempotency (app/api/stripe/webhook/route.ts lines 575-598), claim_stripe_event serialization of the same event id (lines 172-218), DB backstops 0059 (setup-intent unique) and 0104 (one-active-per-pair-per-mode). The core ordering defect remains: handleSetupIntentSucceeded retires the existing active card via UPDATE status='removed' (lines 647-659) BEFORE inserting the replacement (lines 661-680), as two separate non-transactional admin-client statements — no transactional replace RPC exists in any migration (grep of supabase/migrations confirms none). Failure between the statements (transient DB error, crash) leaves the client with ZERO active cards until a Stripe retry succeeds. Out-of-order delivery of two DISTINCT SetupIntents is unfenced (no created-timestamp comparison) — an older event arriving after a newer one retires the newer card and re-activates the older one. Concurrent distinct-event replacement: the loser's INSERT hits the 0104 one-active partial unique and the blanket 23505 catch (lines 686-693) misreports it as idempotent success — the second card silently never lands (0104's own comment documents this exact silent-drop pattern for the cross-mode case it fixed; the same-pair concurrent case remains).","0058/0059/0103/0104 all <= 0133, therefore applied to hosted prod. No migration provides an atomic retire+insert (replace) RPC; the invariant is enforced only by the partial unique index, whose violation is swallowed as success.","0058/0059/0103/0104 all <= 0133, therefore applied to hosted prod. No migration provides an atomic retire+insert (replace) RPC; the invariant is enforced only by the partial unique index, whose violation is swallowed as success.","Enabled — the webhook route is live on prod head; production runs LIVE Stripe mode, and shouldIgnoreLiveModeEvent is a mode-MATCHING guard (PR #323, lib/billing/payment-webhook-reconciliation.ts lines 115-145), so setup_intent.succeeded processes real live-card saves/replacements.",Happy-path card save/replace exercised in production (live cards on file exist for the supervised live-payment flow; Willow pilot + Sam controlled studio). The failure-window/out-of-order/concurrent paths are not known to have fired; no evidence of a production incident.,,Direct: Willow is the live pilot studio; her clients' LIVE card saves/replacements flow through this exact path. A mid-replacement failure leaves a client with no chargeable card (blocks session payments/quick checkout) and a concurrent/out-of-order race can silently drop or resurrect a card while the portal reports success.,,,,"Acceptance requires the existing active card not be retired until the replacement local state is safely persisted, plus duplicate/out-of-order/concurrent safety. Only the duplicate-webhook criterion is met in merged, deployed code; retire-before-persist ordering, out-of-order fencing, and concurrent-replacement silent-drop all remain, now applying to LIVE cards.",,,,,,,,,,,,,,,,,,all,,,,UNMAPPED_HISTORICAL,,NOT_INDIVIDUALLY_RE_VERIFIED,,,,,,,,,
docs/roadmap/P1_MASTER_REGISTER_2026-07-18.csv,P1-09,,P1,2026-07-18,0a5741f,OPEN,"app/api/stripe/webhook/route.ts:475-481,492-498,527-533,550-556,604-610,625-631 — all lineage rejections return summaries (no throw, no recordOpsAlert); app/api/stripe/webhook/route.ts:230-243 — returned summaries are marked processed via mark_stripe_event_processed; app/api/stripe/webhook/route.ts:255-271 — card_on_file_setup_failed critical alert exists ONLY in the catch (thrown) path; app/portal/PortalPaymentMethodForm.tsx:386-401 + line 60 — success UI ('Card saved…') driven solely by Stripe confirmSetup resolving without error; grep app/admin for rejected/stripe_events/payload_summary: no admin surface exposes rejected events; lib/billing/payment-webhook-reconciliation.ts:115-145 — live events are processed in prod (mode-matching), so the silent path applies to live cards",,,,,,"Code-only PR: recordOpsAlert (severity critical, event card_on_file_lineage_rejected) in every rejection arm before returning; keep marking processed (idempotency preserved); add the rejected-summary count to the admin payments surface; portal follow-up: swap the static success line for a short poll of the canonical card row with a pending state. No migration required.",,hosted parity 0133; head 0a5741f,2e98ef535f924475,"Unfixed. Every terminal lineage rejection in handleSetupIntentSucceeded — missing_metadata (app/api/stripe/webhook/route.ts:475-481), missing_account_context (485-491), studio_metadata_mismatch (492-498), missing_customer (506-511), customer_lineage_mismatch (527-533), signature_lineage_mismatch (550-556), missing_payment_method (604-610), non_card_payment_method (625-631) — RETURNS a payload summary without throwing, so the parent marks the event processed (lines 230-243) with NO ops alert and no reconciliation case. The critical card_on_file_setup_failed alert (lines 255-271) fires only when the handler THROWS (transient lookup/Stripe errors), never on lineage rejection. No admin surface reads stripe_events.payload_summary (grep of app/admin: zero hits for rejected/setup_intent/stripe_events). Portal success is Stripe-side only: PortalPaymentMethodForm.tsx sets done=true after stripe.confirmSetup resolves (lines 386-392) and renders 'Card saved. It may take a moment to appear on the page.' (line 60/398) with no dependence on the canonical client_payment_methods row.","No migration addresses this; nothing to apply. (stripe_events claim/mark RPCs from 0032-era are applied but only provide idempotency, not reconciliation.)","No migration addresses this; nothing to apply. (stripe_events claim/mark RPCs from 0032-era are applied but only provide idempotency, not reconciliation.)","Enabled — route live on prod head; production processes LIVE setup_intent.succeeded events (mode-matching guard), so a live-card lineage rejection would be silently marked processed.","Happy path exercised in production; no evidence any lineage-rejection has actually occurred in prod (rejections require forged/mismatched metadata or missing customer/signature lineage). The defect is a latent silent-failure path, not an observed incident.",,"A Willow client can be told their live card was saved while Hone recorded nothing and nobody is alerted; the mismatch only surfaces later as 'Client must add a card on file' at charge-prepare time, with no diagnostic trail short of reading stripe_events rows by hand.",,,,"Neither acceptance criterion is met: a terminal lineage rejection creates no actionable reconciliation case (event marked processed, no alert, no surface), and portal success is derived from Stripe confirmSetup, not canonical local state — the client is told the card saved while Hone may hold no row.",,,,,,,,,,,,,,,,,,all,,,,UNMAPPED_HISTORICAL,,NOT_INDIVIDUALLY_RE_VERIFIED,,,,,,,,,
docs/roadmap/P1_MASTER_REGISTER_2026-07-18.csv,HNE-PAY-001,,P1,2026-07-18,0a5741f,PARTIALLY FIXED,"docs/16_LIVE_PAYMENTS_READINESS.md:1337-1345 — attributable controlled proof: 2 live charges + receipts + full refund on the controlled test studio, zero alerts; docs/production/current-state.md:116-122,185-192 — canonical: live proven for 'approved studios (Willow + Sam's controlled studio)'; broad self-serve NOT ready; live manual fees server-side hard-held; docs/16_LIVE_PAYMENTS_READINESS.md:1493-1565 — §17.15 Willow first-live-charge checklist retained with ALL boxes unchecked; no executed-record variant exists; docs/production/release-changelog.md — no entries for PRs #413-#423 (Willow live/pilot + quick-checkout #419 era); no Willow live-charge record; supabase/migrations/0103/0104/0105 — mode-scoped settings, one-active-card-per-mode, mode-scoped attempt uniqueness (all applied); lib/billing/live-charge-reason-allowlist.ts:14-36 — live restricted to session_payment server-side; grep lib/app/migrations for live_approved/approval state: none — approval is documentation-only; docs/00_PRODUCT_OVERVIEW.md:69 — 'live is enabled per-studio after supervised approval' (process claim with no enforcing mechanism or record)",,,,,,"Docs-first PR: add docs/production/live-payment-approvals.md — per-studio approval + evidence register (Willow, Sam) with dates, operator, Connect-account binding, and links/ids for the controlled charges; backfill changelog entries #413-#423. Pairs with (but is distinct from) the HNE-PAY-002 canonical-approval migration.",,hosted parity 0133; head 0a5741f,2e98ef535f924475,"Structural provider/config attribution EXISTS: mode-scoped studio_payment_settings (0103) binds each (studio, mode) to exactly one Stripe Connect account; all nine runtime reads are mode-scoped; live/test isolation for cards (0104) and attempts (0105) deployed; live manual-fee hard hold is server-side (lib/billing/live-charge-reason-allowlist.ts — only session_payment charges live, enforced in manual-fee-eligibility.ts + manual-fee-actions.ts). What does NOT exist: any canonical per-studio approval state or per-studio evidence registry — 'approved studios (Willow + Sam)' lives only in prose (docs/production/current-state.md:116-122,185-192; docs/00_PRODUCT_OVERVIEW.md:69; docs/06:3).",0101/0103/0104/0105 all <= 0133 and applied to hosted prod. No migration exists for an approval/evidence registry.,0101/0103/0104/0105 all <= 0133 and applied to hosted prod. No migration exists for an approval/evidence registry.,Live charging is enabled deployment-wide (STRIPE_ALLOW_LIVE_MODE=true + sk_live in Vercel Production per lib/stripe/server.ts header + docs/16 'Current production state (post-live-proof)'). Effective live scope today = studios with live Connect onboarding: Willow + Sam's controlled studio; my-studio-6cdef7 is test-only. Broad self-serve live rollout is explicitly held per docs.,"Pilot-scale controlled exercise only. Documented attributable record exists for Sam's controlled test studio: two live charges + live receipts + one full live refund, all webhook-reconciled, zero errors/alerts (docs/16_LIVE_PAYMENTS_READINESS.md:1337-1345). Willow is asserted 'proven' (onboarding, charges, refunds, webhooks) in canonical summary prose only — NO attributable per-charge/dated validation record found anywhere in docs/ (the §17.15 operator checklist boxes remain unchecked; release-changelog.md omits PRs #413-#423 including quick-checkout #419; docs/14's last payment entry still says Willow 'still needs her own onboarding' — historical). Broad exercise: none, by design.",,"Willow charges real clients live today on the strength of prose-level approval; if a payment dispute or audit question arises there is no attributable record proving her supervised enablement sequence or first-charge validation, and nothing prevents evidence drift as docs churn.",,,,"Acceptance = every approved studio has attributable provider/config + controlled-exercise evidence. Provider/config attribution is met structurally (0103 mode-scoped bindings, applied). Controlled-exercise evidence is met attributably for Sam's controlled studio but for Willow exists only as unattributable summary assertions, and no canonical registry marks studios approved. The finding's headline remains true by the docs' own admission: broad live safety is NOT production-proven ('Broad self-serve live payments are not ready').",,,,,,,,,,,,,,,,,,all,,,,UNMAPPED_HISTORICAL,,NOT_INDIVIDUALLY_RE_VERIFIED,,,,,,,,,
docs/roadmap/P1_MASTER_REGISTER_2026-07-18.csv,HNE-PAY-002,,P1,2026-07-18,0a5741f,PARTIALLY FIXED,"lib/stripe/server.ts:44-66 — live gate is the deployment-wide STRIPE_ALLOW_LIVE_MODE env + key prefix; header confirms production flipped live; grep lib/ app/ supabase/migrations for live_approved/approved_live/suspend: zero hits — no per-studio approval or suspension state; lib/billing/session-payment-eligibility.ts:249-289 — prepare gates on mode-scoped settings row with stripe_account_status='enabled' (a Stripe-derived, webhook-synced state, not a Hone approval); app/api/stripe/webhook/route.ts:302-372 — account.updated/capability.updated → sync_studio_account_status writes charges_enabled/status, i.e. the webhook feeds the very state that makes a studio live-chargeable; lib/billing/session-payment-charge.ts:207-305,775,1032 — execute-time card/settings/customer/attempt account + mode equality proofs; PI created on the verified connected account; lib/billing/payment-webhook-reconciliation.ts:115-145 + per-handler row-mode belts (403/617/827) — webhook cannot mutate mismatched-mode rows; docs/16_LIVE_PAYMENTS_READINESS.md:1550-1554 — kill switch is env-level unset + redeploy (~1-3 min), deployment-wide, no per-studio path; supabase/migrations/0103/0104/0105 — mode isolation applied; note execute-time verifyCardAndLineage does not re-check stripe_account_status='enabled' (only account id + mode), a small additional gap",,,,,,Migration-first PR: add live_charges_approved_at/approved_by + suspended_at to the live-mode studio_payment_settings row (service-role write only; webhook RPC must not touch them); gate prepare + execute on approved-and-not-suspended in live mode (test mode unaffected); backfill approval rows for Willow + Sam from the HNE-PAY-001 evidence register; admin surface + ops alert on suspension. Apply migration-first per docs/runbooks/migration-first-process.md with explicit approval.,,hosted parity 0133; head 0a5741f,2e98ef535f924475,"Met in deployed code: (a) expected-livemode proof at every mutation — eligibility scopes card/settings/attempt reads to inferStripeLivemode() (lib/billing/session-payment-eligibility.ts:156-166,249-289,323), the charge executor re-verifies card+settings+customer+attempt-row mode (lib/billing/session-payment-charge.ts:207-305,775) and the webhook has a mode-matching guard plus per-row livemode-mismatch alerts (payment-webhook-reconciliation.ts:115-145,403,617,827); (b) matching-Connect-account proof — card.stripe_account_id must equal the prepared attempt's, the settings row's, and the customer mapping's account (session-payment-charge.ts:248,280,292-304), and the PaymentIntent is created on that account (line 1032). NOT met: (c) per-studio approval state — none exists; live permission = deployment-wide STRIPE_ALLOW_LIVE_MODE env gate (lib/stripe/server.ts:44-66) + Stripe-derived stripe_account_status='enabled'; (d) webhook non-elevation — because chargeability keys on stripe_account_status/charges_enabled, which the webhook itself syncs via sync_studio_account_status (webhook route.ts:302-372), completing Stripe live onboarding elevates any studio to live-chargeable with no independent Hone approval step; (e) immediate suspension — no per-studio suspend flag anywhere; the only Hone-side kill switch is deployment-WIDE env unset + redeploy (~1-3 min, docs/16 §17.14.10), and per-studio suspension requires Stripe-side account action propagated back through the same webhook.",Mode-scoping migrations 0103/0104/0105 applied (<= 0133). No migration introduces a per-studio live-approval or suspension column/table; the required schema does not exist in 0001-0133.,Mode-scoping migrations 0103/0104/0105 applied (<= 0133). No migration introduces a per-studio live-approval or suspension column/table; the required schema does not exist in 0001-0133.,Live mode enabled deployment-wide in production (env flag + sk_live). The absent approval/suspension mechanisms cannot be 'disabled' — they are unbuilt.,The livemode + account-matching gates were exercised by the controlled live charges/refund and ongoing Willow pilot payments. Approval-state proof and per-studio suspension have never been exercised because they do not exist.,,"Willow's live charging currently rides a deployment-wide flag: suspending only Willow (or only another studio) without killing all live payments requires Stripe-dashboard action, not a Hone control; conversely any future studio that completes Stripe live onboarding becomes live-chargeable with no distinct Hone approval step, diluting the 'supervised approval' promise Willow's pilot relies on.",,,,"Acceptance has five criteria. Expected-livemode and matching-Connect-account are robustly proven per live mutation in merged, deployed, applied code. Per-studio canonical approval, webhook non-elevation, and immediate per-studio suspension are structurally absent — Stripe live permission remains deployment-wide, exactly as the finding states.",,,,,,,,,,,,,,,,,,all,,,,UNMAPPED_HISTORICAL,,NOT_INDIVIDUALLY_RE_VERIFIED,,,,,,,,,
docs/roadmap/P1_MASTER_REGISTER_2026-07-18.csv,HNE-EXP-001,,P1,2026-07-18,0a5741f,OPEN,"app/(app)/settings/data/actions.ts:64-197 — full-table Promise.all selects, zero .range() pagination; :774-775 in-memory JSZip -> base64 server-action response; :788-812 stale audit manifest (10 files vs 14 in ZIP, row_counts missing record-keeping); app/(app)/settings/data/actions.ts:161,658 — only mentions of payment/photo tables are comments confirming deliberate exclusion; client_clinical_notes / client_consent_signatures / client_intake_forms never referenced; supabase/migrations/0126_client_clinical_notes.sql — clinical notes table live for all studios (no flag, per Willow PR A) yet absent from export and from the 'Not included' disclosure; app/page.tsx:56 'Export your full studio history any time'; app/pricing/page.tsx:49 'Full data export, any time'; app/(app)/settings/data/page.tsx:60-62 'export everything at any time'; actions.ts:746 README 'contains all client records'; app/(app)/settings/data/page.tsx:104-112 — 'Not included' names only private warnings/personal notes; app/terms/page.tsx:481-497 — §16 promises machine-readable return of 'Your Data' on termination; actual mechanism is this partial export; next.config.* serverActions.bodySizeLimit 16mb governs request bodies only; no response-size or duration guard on the export action; docs/roadmap/CAPABILITY_MANIFEST.json records_export note: 'HNE-EXP-001: scope narrower than full export copy; synchronous/in-memory' (tonight's working register, untracked)",,,,,,"Single containment PR, no migration: (1) add clinical notes + consent signatures + intake forms to the export (owner-only, same RLS client) or explicitly list every exclusion in README + settings 'Not included' + soften app/page.tsx and pricing copy; (2) add .range() pagination loops per table; (3) derive audit metadata files/row_counts from the built ZIP. Follow-up (separate, roadmap DATA-02): async job-based export with size/SLO enforcement.",,hosted parity 0133; head 0a5741f,2e98ef535f924475,"Export feature exists on prod head (app/(app)/settings/data/actions.ts, owner-only, fail-closed audit row) and covers 13 CSVs + README, but neither acceptance criterion is met: (1) manifest/copy mismatch — marketing and legal copy claim full export while the action never reads client_clinical_notes (live, unflagged since 0126/0127), client_consent_signatures, client_intake_forms, any payment table, photos/treatment_images, portal messages, client_tags, client_pinned_notes, or treatment_goals (only 'payment' mentions in the file are comments confirming deliberate exclusion, lines 161/658); the settings-page 'Not included' disclosure names only private warnings/personal notes; the audit_logs metadata is stale (10 files listed vs 14 in the ZIP; row_counts omits the 4 record-keeping tables, lines 788-812). (2) No size/SLO safety — fully synchronous: all tables loaded via Promise.all with zero .range() pagination (silent truncation at the hosted PostgREST max-rows cap; no supabase/config.toml override in repo), zipped in memory with JSZip, returned as base64 (+33%) through the server-action response (lines 774-775); no maxDuration, no response-size guard, no async job (roadmap DATA-02 'Asynchronous export' is defined-but-not-built).","n/a — no migration required or present for this finding; all tables the export does read are <= 0133 and applied. The largest omission, client_clinical_notes (0126/0127), IS applied and live, which widens the copy-vs-scope gap.","n/a — no migration required or present for this finding; all tables the export does read are <= 0133 and applied. The largest omission, client_clinical_notes (0126/0127), IS applied and live, which widens the copy-vs-scope gap.","enabled — export button live for every studio owner, no flag; the overbroad claims ('Export your full studio history any time' app/page.tsx:56, 'Full data export, any time' app/pricing/page.tsx:49, README 'contains all client records' actions.ts:746, settings page 'export everything at any time' page.tsx:60-62, terms §16 data-return promise) are also live.","exercised at pilot scale as a backup (capability manifest records_export: exercised=true; audit_logs 'studio_export' rows are the trail), but no formal validation record exists in docs/ — and current exercise is exactly the risky mode: pilot users treating it as a complete backup while clinical notes and consents are silently absent.",,"Direct and current: Chloe is told the export is her complete backup after real charting days, but her consultation/skin-analysis clinical notes (her #1 ask, written since 2026-07-13), her clients' signed consents, and intake forms are silently absent. As her data grows past the row cap the export will also silently truncate charting history with no error.",,,,"The finding is confirmed and unremediated on prod head 0a5741f. This is not a broken feature — it is a working partial export sold as a full one, with an in-memory transport that cannot scale and no pagination, so it will also become silently incomplete (row-cap truncation) before it becomes visibly broken. Tonight's untracked CAPABILITY_MANIFEST.json itself records it as open ('scope narrower than full-export copy; synchronous/in-memory'). Classified OPEN rather than PARTIALLY FIXED because both acceptance criteria (copy-accurate manifest; size/SLO limits) fail; the export's existence predates the finding. Child of the P1-12 data-lifecycle parent but independently actionable.",,,,,,,,,,,,,,,,,,all,,,,UNMAPPED_HISTORICAL,,NOT_INDIVIDUALLY_RE_VERIFIED,,,,,,,,,
docs/roadmap/P1_MASTER_REGISTER_2026-07-18.csv,P1-12,,P1,2026-07-18,0a5741f,OPEN,"Table inventory from supabase/migrations/0001-0133 (create-table scan): no retention, legal_hold, purge, erasure, or deletion_manifest table exists; app/(app)/clients/[id]/actions.ts:269-332 — archiveClientAction: soft-archive only; comment 'Hard delete is intentionally NOT supported'; app/(app)/settings/data/page.tsx:133-138 — 'Delete all studio data' is a disabled 'Coming this week' button; vercel.json — exactly 3 crons (materialize-recurring-breaks, calendar-reconcile, calendar-sync); no purge/retention job; app/privacy/page.tsx:342-362 — live promise: 30-day soft-delete then hard-delete from active systems, backups purged within 90 days, 7-year billing retention — none implemented; app/terms/page.tsx:208-212,494-497 — DPA §7.7 + §16: delete Client Data within 30 days of termination, backup purge within 90 days — none implemented; docs/03_SECURITY_AND_PRIVACY.md:183 — 0087 clinical delete posture: core tables not hard-deletable by members; 'Future deletion needs should use archive/correction workflows'; docs/roadmap/CANONICAL_ROADMAP.md:419-421 (SEC-10) + :935-937 (DATA-01/DATA-02) — retention/hold/purge/manifest and data-class catalog defined as FUTURE work with legal review",,,,,,"Not a single-PR fix. Sequence: PR-1 (docs, immediate) — data-class catalog (DATA-01) + align privacy/terms copy with actual behavior or add an interim manual-purge runbook; PR-2 (migration, post-legal-review) — retention_policies + legal_holds + deletion_manifests tables and purge-state columns; PR-3 — purge worker (cron) with verification + storage-object deletion + manifest writes, rehearsed on the Studio-C pattern before touching Willow. Each phase needs separate authorization per house rules.",,hosted parity 0133; head 0a5741f,2e98ef535f924475,"None of the five acceptance items exist in code: (1) no data-class catalog (roadmap DATA-01 'Every table/object/provider data class is classified' is future work); (2) no retention-state machine — the only lifecycle states are ad-hoc soft-delete/archive columns (clients.archived_at, sessions.deleted_at, photo archive) with indefinite retention and no due dates; (3) no legal-hold construct anywhere; (4) no purge at all — client hard delete is intentionally unsupported (app/(app)/clients/[id]/actions.ts:276-279), 'Delete all studio data' is a disabled placeholder button, vercel.json has only 3 crons (breaks + 2 calendar), no purge/verification job, no backup-exception handling; (5) no immutable deletion manifest — the full table inventory across migrations 0001-0133 contains no retention_*, legal_hold, purge, erasure, or deletion_manifest table. The deliberate anti-deletion posture (0087 clinical delete hardening, 0115 entry hard-delete hardening, append-only audit) is the philosophical opposite of managed retention: it preserves everything and manages nothing out.","absent — zero of migrations 0001-0133 create any retention/hold/purge/manifest structure; hosted = repo = 0133 so prod matches: nothing to enable. Adjacent applied migrations (0087, 0115) harden AGAINST deletion.","absent — zero of migrations 0001-0133 create any retention/hold/purge/manifest structure; hosted = repo = 0133 so prod matches: nothing to enable. Adjacent applied migrations (0087, 0115) harden AGAINST deletion.","disabled/absent — nothing to enable. Meanwhile live legal copy promises the missing machinery: privacy policy §9 (30-day soft-delete then hard-delete, backups purged within 90 days, 7-year billing retention), terms §7.7/§16 (delete Client Data within 30 days of termination, backup purge within 90 days).","never exercised — no purge, hold, or verified deletion has ever run because none exists; tonight's roadmap Studio-C plan explicitly reserves 'cancellation, and purge rehearsals' as future validation.",,"Willow's client data (clinical notes, health info, minors' records) is retained indefinitely with no purge path; the privacy policy her clients can read promises 30-day deletion and 90-day backup purge that Hone cannot perform. A single PIPEDA deletion request or regulator inquiry exposes the gap. No immediate operational breakage — risk is legal/compliance, not runtime.",,,,"Confirmed fully OPEN on 0a5741f. This is the canonical parent of the data-lifecycle cluster: HNE-EXP-001 is its export child slice (partially built, separately tracked) and HNE-PRV-001 is the sibling process-layer finding. Zero of the listed acceptance criteria (data classes, retention states, hold, verified purge, immutable deletion manifest) are met, so this is OPEN, not PARTIALLY FIXED — the existing soft-delete/archive posture is deliberate indefinite retention, not retention management. The gap is compounded by live legal commitments (30/90-day deletion and purge windows) that no code, cron, or runbook can honor.",,,,,,,,,,,,,,,,,,all,,,,UNMAPPED_HISTORICAL,,NOT_INDIVIDUALLY_RE_VERIFIED,,,,,,,,,
docs/roadmap/P1_MASTER_REGISTER_2026-07-18.csv,HNE-PRV-001,,P1,2026-07-18,0a5741f,OPEN,"Repo-wide grep (lib/, app/, supabase/): zero matches for dsar|privacy_request|data_subject|subject_access|deletion_request — no request-tracking construct exists; app/privacy/page.tsx:331-334 — 'We will respond within 30 days' + practitioner-first routing; :352-362 — 30-day account-closure deletion and client hard-delete promises with no implementation; app/terms/page.tsx:198-212,481-497 — §7.6/7.7 DPA assist-with-requests + 30-day deletion, §16 termination export via privacy@hone.care mailbox; no backing workflow, state, or evidence trail; app/(app)/clients/[id]/actions.ts:269-332 — deletion = soft archive with audit row; 'Hard delete is intentionally NOT supported'; app/(app)/settings/data/page.tsx:133-138 — studio data deletion is a disabled 'Coming this week' button; offboarding orchestration absent everywhere (as expected); supabase/migrations 0119/0120 + app/(app)/clients/[id]/sessions/[sessionId]/correction-actions.ts:13 — corrections backend deployed but gated on clinical_corrections_enabled default OFF (Clinical Phase 2 PARKED); docs/roadmap/CANONICAL_ROADMAP.md:421 — 'DSAR/offboarding workflow' listed inside future SEC-10 scope; :104 'Export, retention, legal hold, verified purge, cancellation, and offboarding are not yet one complete self-service lifecycle'; docs/integrations/ contains only Google-Calendar operator checklists — no privacy-request runbook or validation record anywhere in docs/",,,,,,"PR-1 (small, no migration): docs/runbooks/privacy-request-runbook.md defining the manual interim process (intake via privacy@hone.care, identity verification, scope, 30-day clock, evidence stored in audit_logs via an admin action) + tighten privacy/terms copy to match reality. PR-2 (migration + admin UI): privacy_requests table (type, subject_ref, studio_id, state, deadline_at, actor, resolution, exception_reason) with append-only transitions, wired to existing archive/export/correction actions. Offboarding orchestration deferred to the P1-12/SEC-10 program; needs separate authorization.",,hosted parity 0133; head 0a5741f,2e98ef535f924475,"No lifecycle-request workflow exists at any layer: repo-wide search finds no dsar/privacy_request/data_subject/deletion_request table, action, or route; nothing gives a request attributable state, scope, deadline, completion evidence, or exception path. Per lifecycle axis on prod head: RETENTION — indefinite by construction (see P1-12). DELETION — client-level is archive-only (hard delete intentionally unsupported, clients/[id]/actions.ts:276-279); studio-level is a disabled placeholder button; account/auth-user deletion has no flow. CORRECTION — client contact/profile edits exist (updateClientAction, audited), and the clinical corrections/amendments backend (migrations 0119/0120, applied) is deployed but PARKED with studio flag clinical_corrections_enabled default OFF and no customer-approved UI; no correction-request tracking. OFFBOARDING — nothing exists (confirmed, as expected): no cancellation, data-return, or account-closure orchestration; terms §16 routes termination export requests to a privacy@hone.care mailbox with no backing workflow. The privacy policy commits to 30-day response times and practitioner-directed client requests with zero supporting tooling.","absent for request tracking — no migration 0001-0133 creates any request/lifecycle table. Adjacent applied: 0119/0120 (correction backend, flag OFF), 0087/0115 (delete hardening), 0126/0127 (clinical notes). Hosted parity at 0133 means prod exactly matches this absence.","absent for request tracking — no migration 0001-0133 creates any request/lifecycle table. Adjacent applied: 0119/0120 (correction backend, flag OFF), 0087/0115 (delete hardening), 0126/0127 (clinical notes). Hosted parity at 0133 means prod exactly matches this absence.",disabled/absent — no workflow to enable; the one deployed adjacent capability (clinical corrections) is behind clinical_corrections_enabled = OFF for all studios (Clinical Phase 2 parked). Live privacy/terms copy promising 30-day responses and deletion-on-request is enabled to the public.,"never exercised as a workflow — any real request today would be handled by hand over email with no state, deadline tracking, or completion evidence; no validation records exist in docs/ (the only operator checklists are Google-Calendar-specific).",,"If a Willow client exercises their PIPEDA rights today (policy invites them to, via Chloe), Hone can produce a partial export and an archive — not deletion, not tracked correction, not evidenced completion — and nothing measures the promised 30-day deadline. Chloe, named the data controller in the policy, is the one exposed. Interim risk is manageable at pilot scale (Sam can hand-hold requests) but is undocumented even as a runbook.",,,,"Confirmed OPEN on 0a5741f. The acceptance bar — every lifecycle request has attributable state, scope, deadline, completion evidence, and an exception path — is met for zero request types because there is no request object at all; the strongest partial (corrections backend 0119/0120) is deployed-dormant, unapproved, and tracks amendments, not requests. Independent of P1-12: that finding is the missing data-layer machinery (states/hold/purge/manifest); this one is the missing operational process layer that would consume it — fixing either alone does not close the other. Classified OPEN rather than PARTIALLY FIXED because the deployed fragments (archive, export, parked corrections) are capabilities, not workflows, and none carry the required request attributes.",,,,,,,,,,,,,,,,,,all,,,,UNMAPPED_HISTORICAL,,NOT_INDIVIDUALLY_RE_VERIFIED,,,,,,,,,
docs/roadmap/P1_MASTER_REGISTER_2026-07-18.csv,HNE-DEP-001,,P1,2026-07-18,0a5741f,PARTIALLY FIXED,"/Users/chloebaca/Hone/docs/production/migration-ledger.md:7 — 'Hosted (production) migration max = 0132' at prod head 0a5741f, while hosted max is 0133 (established fact) and current-state.md:23 says 'hosted == repo == 0133' — the two canonical docs contradict each other on the same commit; /Users/chloebaca/Hone/docs/production/current-state.md:15 — 'Last runtime-bearing production HEAD: 89e77f0 … PR #434', but git log --first-parent 89e77f0..0a5741f shows 15 deployed merges (#435–#449) incl. runtime-bearing marketing site (#439–#446), Sentry (#448), PostHog (#447/#449); /Users/chloebaca/Hone/docs/production/release-changelog.md — last PR row is #434; no entries for #435–#449 despite all being merged + deployed to hone.care; /Users/chloebaca/Hone/docs/production/current-state.md:22 — current HEAD deliberately 'not pinned inside this self-modifying document' (GitHub authoritative); attestation is by-convention, not enforced; /Users/chloebaca/Hone/scripts/verify-production.mjs — read-only fail-closed prod checks (derived migration max, RLS, ops alerts, Stripe gates, heartbeat) but explicitly excludes 'MANUAL dashboard checks (Vercel prod env presence, Stripe dashboard, log…)'; /Users/chloebaca/Hone/scripts/check-production-env-gates.mjs — deploy-time env-presence gate (VERCEL_ENV=production) aborts a misconfigured prod build; presence only, not a value/state manifest; /Users/chloebaca/Hone/docs/08_EMAIL_SMS_AND_CRON.md (Cron section) + lib/cron/reminder-schedule.ts:27 — the production every-15-min reminder trigger lives on an external cron-job.org dashboard; only the EXPECTED schedule string is pinned in-repo; the actual external config is unattestable from the repo; /Users/chloebaca/Hone/docs/production/migration-ledger.md (SHA-256 line for 0132) + docs/runbooks/migration-first-process.md — the migration axis IS strongly attested (hash + migration-first verify), showing the pattern exists but is not extended to other hosted controls",,,,,,"Docs-only ledger reconciliation PR (migration-ledger hosted-max 0133, current-state runtime-bearing HEAD + #435–#449 rows, changelog entries) + a CI tripwire test asserting the ledger's stated hosted max equals the repo-derived max; follow-up (separate, needs design approval): deploy-time attestation manifest generation.",,hosted parity 0133; head 0a5741f,2e98ef535f924475,"Substantial manual attestation tooling is merged and on prod head 0a5741f: docs/production/current-state.md (canonical ledger, pins runtime-bearing SHA + Vercel deployment IDs, last reconciled 2026-07-17), docs/production/migration-ledger.md (per-migration applied ledger incl. SHA-256 of 0132), docs/production/release-changelog.md (per-PR merge SHAs + deploy IDs), scripts/verify-production.mjs (read-only prod attestation: derived migration max, RLS 12/12, ops alerts, Stripe gates, reminder heartbeat; fail-closed INCOMPLETE), scripts/check-production-env-gates.mjs (aborts the production build when required hosted env is missing, keyed on VERCEL_ENV=production), and test tripwires (tests/scripts/verify-production.test.ts derives the expected migration max; tests/app/cron-config.test.ts pins vercel.json crons). However there is NO automated binding of a production deployment to a source SHA + approved hosted-control manifest, and at head 0a5741f the ledgers have already drifted from the state they attest.","Not applicable — no migration required or claimed for this finding; hosted migration max = repo max = 0133 (established fact), which itself is the strongest attested axis (migration-first process + ledger + derived tripwire).","Not applicable — no migration required or claimed for this finding; hosted migration max = repo max = 0133 (established fact), which itself is the strongest attested axis (migration-first process + ledger + derived tripwire).",Partially enabled: check-production-env-gates.mjs runs on every production build; verify-production.mjs and ledger reconciliation are manual-cadence operator actions (last run/reconciled 2026-07-17 per current-state.md); no CI gate enforces ledger freshness against HEAD or hosted state.,"Exercised but stale: verify-production last recorded 11 PASS / 0 FAIL / 1 INCOMPLETE (current-state.md:25, 2026-07-17). The ledger reconciliation was exercised 2026-07-17 and is already wrong at prod head 0a5741f: migration-ledger.md:7 still states hosted max = 0132 (actual 0133), current-state.md:15 claims last runtime-bearing HEAD = PR #434 (89e77f0) while 15 deployed first-parent merges #435–#449 sit above it (marketing site #439–#446, Sentry #448, PostHog #447/#449 are runtime-bearing), and release-changelog.md's last entry is #434.",,Indirect but real: operators making migration/enablement decisions from migration-ledger.md at head would believe hosted max is 0132 and could mis-sequence a migration-first apply; stale 'last runtime-bearing HEAD' hides that analytics (PostHog) and Sentry now run against the site Willow's clients use. No direct client-facing breakage.,,,,"Acceptance requires EVERY production state traceable to an immutable source revision + an approved hosted-control manifest. Source-revision traceability largely holds for the app (Vercel deploys the production branch HEAD; merge SHAs + deploy IDs are recorded per PR through #434), and DB hosted controls are script-attested. But the manifest criterion fails on three material points: (1) the canonical ledgers contradict each other and reality on the same commit (hosted-max 0132 vs 0133; last runtime-bearing HEAD wrong by 15 merges), proving the manual process drifts within a single merge wave; (2) non-DB hosted controls — the external cron-job.org scheduler (the only sub-daily production job), Vercel env values beyond presence gates, Google Cloud / Stripe dashboard state — exist only as prose docs plus verify-production's explicitly-listed MANUAL dashboard checks, not an attestable manifest; (3) nothing automated stamps deploy → SHA → hosted-control state. Some criteria met in merged code, material criteria remain → PARTIALLY FIXED.",,,,,,,,,,,,,,,,,,all,,,,UNMAPPED_HISTORICAL,,NOT_INDIVIDUALLY_RE_VERIFIED,,,,,,,,,
docs/roadmap/P1_MASTER_REGISTER_2026-07-18.csv,HNE-JOB-001,,P1,2026-07-18,0a5741f,PARTIALLY FIXED,"/Users/chloebaca/Hone/vercel.json — exactly 3 crons: /api/cron/materialize-recurring-breaks '0 8 * * *', /api/cron/calendar-reconcile '0 9 * * *', /api/cron/calendar-sync '30 9 * * *'; appointment-reminders and no-show-check absent; /Users/chloebaca/Hone/app/api/cron/ — full handler inventory: appointment-reminders, calendar-reconcile, calendar-sync, materialize-recurring-breaks, no-show-check (no others); /Users/chloebaca/Hone/lib/cron/reminder-schedule.ts:27 — APPOINTMENT_REMINDER_CRON_SCHEDULE = '*/15 * * * *' 'documents the required' external cadence; docs/08 + docs/10:78 confirm the actual trigger is an external cron-job.org job outside the repo (plan caps Vercel cron at daily); /Users/chloebaca/Hone/lib/cron/reminder-heartbeat.ts — heartbeat (reminder_cron:last_success, stale at 45 min) + deduped stale/missing ops alerts, but the check runs ONLY from the once-daily materialize cron (app/api/cron/materialize-recurring-breaks/route.ts:170) → up to ~24h silent-outage window for the every-15-min reminder job; /Users/chloebaca/Hone/tests/app/cron-config.test.ts — pins every vercel.json cron to its in-repo constant, asserts reminders/no-show deliberately unscheduled, no duplicates, no sub-daily, and the */15 cadence covers the 2h reminder window; /Users/chloebaca/Hone/tests/app/google-calendar/calendar-sync-route.test.ts + calendar-reconcile-route.test.ts + tests/lib/cron/reminder-heartbeat.test.ts + tests/app/cron/reminder-heartbeat-wiring.test.ts — unit-tested failure paths: 401 fail-closed, record-failure 500, heartbeat/alert sabotage cannot alter correctness, held/unavailable/degraded/error heartbeat tiers, stale/missing alert decider; /Users/chloebaca/Hone/app/api/cron/no-show-check/route.ts — intentionally disabled non-mutating stub, CRON_SECRET-gated, with the re-enable design documented in-route; declared in docs/08 schedule table; /Users/chloebaca/Hone/docs/production/release-changelog.md #430 row — 'C2 remained formally merged-unvalidated at that checkpoint — an observability evidence gap': the calendar crons' scheduled runs have no recorded production observation; no owner field exists in docs/08 or docs/10 job tables",,,,,,"Small code PR: invoke the reminder-scheduler health check from the two calendar daily crons as well (3 daily detection points), plus a docs/production jobs manifest (route, schedule source, owner, health signal, failure remediation) pinned by a test alongside cron-config.test.ts. The C2 scheduled-run observation and any cron-job.org/plan change are operator actions requiring separate authorization — not bundled.",,hosted parity 0133; head 0a5741f,2e98ef535f924475,"Complete handler inventory at prod head 0a5741f: 5 routes under app/api/cron/ — appointment-reminders, calendar-reconcile, calendar-sync, materialize-recurring-breaks, no-show-check. vercel.json declares exactly 3 (materialize-recurring-breaks '0 8 * * *', calendar-reconcile '0 9 * * *', calendar-sync '30 9 * * *'), each pinned against in-repo single-source-of-truth constants (lib/cron/reminder-schedule.ts, lib/cron/calendar-cron-schedule.ts) by tests/app/cron-config.test.ts, which also asserts appointment-reminders and no-show-check are deliberately ABSENT, no duplicates, no sub-daily calendar cron. no-show-check is an intentionally unscheduled, disabled, non-mutating, CRON_SECRET-gated stub (declared in route comments + docs/08 table + test). appointment-reminders — the most relied-upon job (live Willow pilot: 24h/2h email+SMS + 7d/3d intake reminders) — is NOT declaratively scheduled: it runs on an external cron-job.org dashboard every 15 min (Vercel plan caps crons at daily); only the intended '*/15 * * * *' string is pinned as APPOINTMENT_REMINDER_CRON_SCHEDULE (lib/cron/reminder-schedule.ts:27). Observable health is genuinely built: Upstash heartbeat reminder_cron:last_success (24h TTL) + admin /admin 'Reminder scheduler' card (app/admin/page.tsx) + deduped stale(warning)/missing(critical, emails OPS_ALERT_EMAILS) ops alerts piggybacked on the daily materialize cron (lib/cron/reminder-heartbeat.ts, PR #283) + cron_route_failed/reminder_send_exhausted alerts; calendar routes have truthful tiered heartbeats (gcal_worker:last_run; reconcile completed/degraded/error, held→no heartbeat). Failure paths are unit-tested (tests/lib/cron/reminder-heartbeat.test.ts, tests/app/cron/reminder-heartbeat-wiring.test.ts, tests/app/google-calendar/calendar-sync-route.test.ts incl. 401 fail-closed / record-failure 500 / observability-sabotage, calendar-reconcile-route.test.ts held/unavailable/degraded/error). No formal per-job OWNER declaration exists anywhere.",Not applicable — no migration is part of this finding's criteria; all job infrastructure is code + vercel.json (hosted max 0133 parity established).,Not applicable — no migration is part of this finding's criteria; all job infrastructure is code + vercel.json (hosted max 0133 parity established).,"Mixed: the 3 vercel.json crons are registered on the prod deploy of 0a5741f. materialize-recurring-breaks is fully active. calendar-reconcile + calendar-sync are registered but DORMANT by hosted flags (calendar_sync_control.worker_enabled=false, all studio sync flags OFF — established facts) → scheduled no-work by design. The external cron-job.org reminder scheduler is enabled and driving live pilot reminders. no-show-check disabled by design (enabledStatus: disabled, intentional).","appointment-reminders + materialize-recurring-breaks: continuously exercised in production (live Willow pilot; heartbeat/alerting path in daily use). calendar-reconcile + calendar-sync: NOT production-observed — the first scheduled runs (due from 2026-07-17) have no recorded observation in the repo; release-changelog.md's #430 row itself records 'C2 remained formally merged-unvalidated … an observability evidence gap', and the operator checklist's post-merge no-work validation section remains an unexecuted procedure. Production failure drills (deliberately killing the external scheduler and observing the alert) are not documented for any job.",,"Direct: Willow's live client 24h/2h appointment reminders and intake reminders depend entirely on the unattested external cron-job.org scheduler; if it silently stops, clients receive no reminders for up to ~24h before the first ops alert (admin card would show stale sooner, but only if someone looks). The dormant calendar crons pose no Willow risk (worker OFF, Willow unconnected).",,,,"Acceptance = every relied-upon job has declared schedule + owner + observable health + tested failure path. Met in merged code: declared schedules for 4 of 5 routes (3 in vercel.json pinned by tests; no-show declared-disabled), strong observable health for all live jobs, and real unit-tested failure paths including fail-closed auth and heartbeat/alert sabotage cases. Materially unmet: (1) the schedule of the single most business-critical job exists only on an external unversioned cron-job.org dashboard — declared in docs but not declarative/attestable, with dead-scheduler detection up to ~24h latent (heartbeat goes stale at 45 min but is only checked by the once-daily materialize cron; the admin card is passive); (2) no per-job owner is declared anywhere (docs declare mechanism + remediation, OPS_ALERT_EMAILS receives criticals, but no owner registry); (3) the two calendar crons' scheduled path has zero recorded production exercise (C2 formally merged-unvalidated). Some criteria met, material criteria remain → PARTIALLY FIXED.",,,,,,,,,,,,,,,,,,all,,,,UNMAPPED_HISTORICAL,,NOT_INDIVIDUALLY_RE_VERIFIED,,,,,,,,,
docs/roadmap/P1_MASTER_REGISTER_2026-07-18.csv,P1-ANALYTICS-01,PostHog autocapture on global instrumentation can expose bearer tokens via element attributes (href),P1,2026-07-18,32b6eef,PRODUCTION VERIFIED,"instrumentation-client.ts@0a5741f: autocapture global; element_attribute_ignorelist lacks href/src; sanitize_properties covers only $current_url/$referrer, not $elements/elements_chain",,,none (production verified),,No token can reach the serialized analytics payload from any route; token routes excluded from autocapture entirely,#450 MERGED (merge 32b6eef),,"LIVE: hone.care /ingest/array/phc_*/config.js traffic observed 2026-07-18 (analytics flowing); config deployed at head | REAL-BROWSER VERIFICATION (Chrome DevTools against production, Network filtered to ingest): POSITIVE: /pricing?utm_source=p1_verify produced exactly one /ingest/e/ capture request (200), alongside the SDK's config.js script load. NEGATIVES (zero /ingest/e/ capture requests on every one; the only /ingest traffic is the SDK's config.js remote-config script load, which is not an event): authenticated /dashboard including navigation, authenticated /calendar, /clients/00000000-0000-0000-0000-000000000000 (404), /login, /cancel/fake-token-123 (graceful error page rendered), /portal/login. | OPTIONAL LOW-PRIORITY HARDENING (NOT A FINDING): the SDK still initializes globally and fetches config.js via /ingest on non-marketing routes; gating SDK initialization by surface would remove even that config fetch.",2e98ef535f924475,"fixed on branch analytics/p1-containment (head 4bbe3a2). Independent review of the first patch found browser $pageview/$pageleave were NOT governed (left every route incl. /clients/<uuid>); scope expanded to a fail-closed before_send boundary governing EVERY browser event by (event,surface) + SDK url_allowlist. 98 tests.",none required,MERGED + DEPLOYED LIVE. #450 merge 32b6eef; Vercel deploy 8iDB4JezgQgNg4ycMnt58Ld7EFpM success 2026-07-19T03:02:38Z. No migration (hosted 0133). Worker off; Willow untouched.,live in production,"PRODUCTION VERIFIED 2026-07-19 (session 3). REAL-BROWSER VERIFICATION (Chrome DevTools against production, Network filtered to ingest): POSITIVE: /pricing?utm_source=p1_verify produced exactly one /ingest/e/ capture request (200), alongside the SDK's config.js script load. NEGATIVES (zero /ingest/e/ capture requests on every one; the only /ingest traffic is the SDK's config.js remote-config script load, which is not an event): authenticated /dashboard including navigation, authenticated /calendar, /clients/00000000-0000-0000-0000-000000000000 (404), /login, /cancel/fake-token-123 (graceful error page rendered), /portal/login.",revert single commit 52939ac,Willow client token links protected once deployed; no workflow change,none (analytics only),PostHog only,privacy/analytics,"PRODUCTION VERIFIED (was DEPLOYED): #450 merged 32b6eef + Vercel deploy success; reviewed boundary source is the deployed artifact; behaviour proven by 98 tests; Stage 4 reliability by construction (analytics fully out of the request path). Controlled real-browser network verification now complete: positive marketing capture present + sanitized, ZERO capture events on every sensitive surface (authenticated/token/booking/portal/login). OPTIONAL LOW-PRIORITY HARDENING (NOT A FINDING): the SDK still initializes globally and fetches config.js via /ingest on non-marketing routes; gating SDK initialization by surface would remove even that config fetch.",no (PostHog-side deletion of any already-captured token events = operator decision),,,,,,tests/lib/analytics/client-boundary.test.ts; tests/lib/security/posthog-privacy.test.ts,,,,,,,,,,"clients (token links), practitioners",all (incl. Willow),cancel/reschedule/manage/intake/portal-verify/calendar-feed token routes,,,UNMAPPED_HISTORICAL,,NOT_INDIVIDUALLY_RE_VERIFIED,,,,,,,,,
docs/roadmap/P1_MASTER_REGISTER_2026-07-18.csv,P1-ANALYTICS-02,mask_all_text does not protect element attributes; attribute protection was a growing denylist,P1,2026-07-18,32b6eef,PRODUCTION VERIFIED,@posthog/types: mask_all_text masks textContent only; ignorelist covered aria-label/title/alt/placeholder but not href/src/custom attrs,,,none (production verified),,Sensitive attributes cannot reach PostHog; explicit surface allowlist preferred over denylist,#450 MERGED (merge 32b6eef),,"same live config as P1-ANALYTICS-01 | REAL-BROWSER VERIFICATION (Chrome DevTools against production, Network filtered to ingest): POSITIVE: /pricing?utm_source=p1_verify produced exactly one /ingest/e/ capture request (200), alongside the SDK's config.js script load. NEGATIVES (zero /ingest/e/ capture requests on every one; the only /ingest traffic is the SDK's config.js remote-config script load, which is not an event): authenticated /dashboard including navigation, authenticated /calendar, /clients/00000000-0000-0000-0000-000000000000 (404), /login, /cancel/fake-token-123 (graceful error page rendered), /portal/login. | OPTIONAL LOW-PRIORITY HARDENING (NOT A FINDING): the SDK still initializes globally and fetches config.js via /ingest on non-marketing routes; gating SDK initialization by surface would remove even that config fetch.",2e98ef535f924475,fixed on branch analytics/p1-containment (head 4bbe3a2). Allowlist model now governs ALL browser events (pageview/pageleave/autocapture/marketing:* only on the 12 canonical marketing routes; everything else dropped). Attribute PII handled by drop-not-redact + ignorelist. 98 tests.,none required,MERGED + DEPLOYED LIVE. #450 merge 32b6eef; Vercel deploy 8iDB4JezgQgNg4ycMnt58Ld7EFpM success 2026-07-19T03:02:38Z. No migration (hosted 0133). Worker off; Willow untouched.,live in production,"PRODUCTION VERIFIED 2026-07-19 (session 3). REAL-BROWSER VERIFICATION (Chrome DevTools against production, Network filtered to ingest): POSITIVE: /pricing?utm_source=p1_verify produced exactly one /ingest/e/ capture request (200), alongside the SDK's config.js script load. NEGATIVES (zero /ingest/e/ capture requests on every one; the only /ingest traffic is the SDK's config.js remote-config script load, which is not an event): authenticated /dashboard including navigation, authenticated /calendar, /clients/00000000-0000-0000-0000-000000000000 (404), /login, /cancel/fake-token-123 (graceful error page rendered), /portal/login.",revert 52939ac,protective only,none,PostHog only,privacy/analytics,"PRODUCTION VERIFIED (was DEPLOYED): #450 merged 32b6eef + Vercel deploy success; reviewed boundary source is the deployed artifact; behaviour proven by 98 tests; Stage 4 reliability by construction (analytics fully out of the request path). Controlled real-browser network verification now complete: positive marketing capture present + sanitized, ZERO capture events on every sensitive surface (authenticated/token/booking/portal/login). OPTIONAL LOW-PRIORITY HARDENING (NOT A FINDING): the SDK still initializes globally and fetches config.js via /ingest on non-marketing routes; gating SDK initialization by surface would remove even that config fetch.",no,,,,,,tests/lib/analytics/client-boundary.test.ts; tests/lib/security/posthog-privacy.test.ts,,,,,,,,,,"clients, practitioners",all (incl. Willow),any autocaptured surface,,,UNMAPPED_HISTORICAL,,NOT_INDIVIDUALLY_RE_VERIFIED,,,,,,,,,
docs/roadmap/P1_MASTER_REGISTER_2026-07-18.csv,P1/P2-ANALYTICS-03,Server-side PostHog capture+flush awaited inline in request paths after commit,"P1 (payment/webhook/auth paths), P2 (other actions)",2026-07-18,32b6eef,PRODUCTION VERIFIED,10 call sites `await posthog.flush()` inline post-commit @0a5741f; posthog-node flush() returns un-caught send promise (dist/client.js: only waitUntil copy has .catch),,,none (production verified),,"Analytics latency/failure can never delay clinical workflows, fail committed operations, or make Stripe webhook retry",#450 MERGED (merge 32b6eef),,"pattern live at head; no observed incident (PostHog healthy) | REAL-BROWSER VERIFICATION (Chrome DevTools against production, Network filtered to ingest): POSITIVE: /pricing?utm_source=p1_verify produced exactly one /ingest/e/ capture request (200), alongside the SDK's config.js script load. NEGATIVES (zero /ingest/e/ capture requests on every one; the only /ingest traffic is the SDK's config.js remote-config script load, which is not an event): authenticated /dashboard including navigation, authenticated /calendar, /clients/00000000-0000-0000-0000-000000000000 (404), /login, /cancel/fake-token-123 (graceful error page rendered), /portal/login. | OPTIONAL LOW-PRIORITY HARDENING (NOT A FINDING): the SDK still initializes globally and fetches config.js via /ingest on non-marketing routes; gating SDK initialization by surface would remove even that config fetch.",2e98ef535f924475,"fixed on branch analytics/p1-containment (head 4bbe3a2; lib/analytics/server.ts: post-response after(), 2s bound, try/catch, property allowlist). Correction 2 applied: distinctId:string replaced by discriminated AnalyticsActor + fail-closed runtime UUID validation (resolveDistinctId, never throws/logs the value); identify = opaque id + validated coarse role only. 98 tests.",none required,MERGED + DEPLOYED LIVE. #450 merge 32b6eef; Vercel deploy 8iDB4JezgQgNg4ycMnt58Ld7EFpM success 2026-07-19T03:02:38Z. No migration (hosted 0133). Worker off; Willow untouched.,live in production,"PRODUCTION VERIFIED 2026-07-19 (session 3). REAL-BROWSER VERIFICATION (Chrome DevTools against production, Network filtered to ingest): POSITIVE: /pricing?utm_source=p1_verify produced exactly one /ingest/e/ capture request (200), alongside the SDK's config.js script load. NEGATIVES (zero /ingest/e/ capture requests on every one; the only /ingest traffic is the SDK's config.js remote-config script load, which is not an event): authenticated /dashboard including navigation, authenticated /calendar, /clients/00000000-0000-0000-0000-000000000000 (404), /login, /cancel/fake-token-123 (graceful error page rendered), /portal/login.",revert 52939ac,protects Willow live payment/refund responses from analytics coupling,none,PostHog; removes Stripe webhook retry-amplification risk,reliability/analytics,"PRODUCTION VERIFIED (was DEPLOYED): #450 merged 32b6eef + Vercel deploy success; reviewed boundary source is the deployed artifact; behaviour proven by 98 tests; Stage 4 reliability by construction (analytics fully out of the request path). Controlled real-browser network verification now complete: positive marketing capture present + sanitized, ZERO capture events on every sensitive surface (authenticated/token/booking/portal/login). OPTIONAL LOW-PRIORITY HARDENING (NOT A FINDING): the SDK still initializes globally and fetches config.js via /ingest on non-marketing routes; gating SDK initialization by surface would remove even that config fetch.",no,,,,,,"tests/lib/analytics/server-capture.test.ts; posthog-privacy grep-guards (no direct import, no inline flush)",,,,,,,,,,"practitioners (payments), clients (public booking, sign-in)",all (incl. Willow live payments),"charge, refund, booking, session start/finalize, client create, sign-in, Stripe webhook",,,UNMAPPED_HISTORICAL,,NOT_INDIVIDUALLY_RE_VERIFIED,,,,,,,,,
Hone_Findings_Register_2026-07-10.csv,HNE-SEC-001,Authenticated members can bypass audited soft deletion of treatment passes,P1,2026-07-10,(July 10 readiness-audit baseline),Confirmed,`supabase/migrations/0087_clinical_rls_delete_hardening.sql:217–263` retains authenticated DELETE policies; `0114_entry_soft_delete.sql:3–25` adds an audited soft-delete triad but does not revoke DELETE.,,,Authenticated active studio membership and an entry identifier,,No interactive tenant role can physically delete a treatment-pass row.,Drop both member DELETE policies; revoke DELETE on both tables from `authenticated`/`anon`; reserve physical purge for a controlled retention job.,,,6cb9ad6b5334eea0,,,,,,,,,,,,,Permanent loss of clinical treatment-pass history and deletion without actor/reason metadata,A practitioner or compromised account can erase history that the product presents as treatment memory and bypass the 0114 audit fields.,High,"RLS requires the related session to be visible; the intended application action performs an UPDATE with `deleted_at`, `deleted_by`, and reason.",UI behavior is not authorization. The database still authorizes physical deletion.,Direct same-studio DELETE denied; cross-studio DELETE denied; authorized soft-delete succeeds; purge role only works after retention/legal-hold checks.,"In local Supabase, authenticate as a member, identify a visible electrolysis or laser entry, and issue a direct table DELETE instead of the UI action.",,,,High,,,,,"Owner, practitioner, compromised member account",,,Electrolysis and laser treatment entries,Any use of Hone as a treatment record; controlled studio; unrelated studios,UNMAPPED_HISTORICAL,,NOT_INDIVIDUALLY_RE_VERIFIED,,,,,,,,,
Hone_Findings_Register_2026-07-10.csv,HNE-STO-001,Treatment-image storage hardening can silently remain unapplied,P1,2026-07-10,(July 10 readiness-audit baseline),Confirmed repository risk,"`0092_treatment_images.sql` creates authenticated storage-object policies; `0093_harden_treatment_image_storage.sql` catches `insufficient_privilege`, raises a notice, and lets the migration continue.",,,Hosted migration role lacks permission to modify storage bucket metadata or object policies,,Photo enablement is blocked when hosted storage posture differs from the approved manifest.,Add a read-only storage-posture verifier; fail photo enablement and release attestation unless bucket privacy and the exact approved policies match.,,,6cb9ad6b5334eea0,,,,,,,,,,,,,Sensitive image objects may retain broader access than the application and migration comments assume,A release can report a successful database migration while a separate hosted storage boundary remains in the old state.,High for repository risk; hosted state unknown,"Server-generated paths, private-bucket intent, image sanitization, parent checks, 60-second signed URLs, and metadata rows scoped by studio/client.",Those application controls do not prove hosted bucket privacy or the absence of stale object policies.,Local storage policy tests; hosted read-only verifier; cross-studio object-list/read/write denial; signed-URL ownership/expiry tests.,"Apply the migrations under a role that cannot alter the platform-owned storage objects, then inspect bucket privacy and policies.",,,,High for repository risk; hosted state unknown,,,,,"Clients, practitioners, owners",,,Treatment photographs and Supabase Storage,Any storage of real treatment photos; unrelated studios,UNMAPPED_HISTORICAL,,NOT_INDIVIDUALLY_RE_VERIFIED,,,,,,,,,
Hone_Findings_Register_2026-07-10.csv,HNE-DEP-001,No attested production source of truth,P1,2026-07-10,(July 10 readiness-audit baseline),Evidence gap confirmed,The ZIP has no `.git`; CI explicitly does not deploy; no Vercel/Supabase/Stripe/provider export or release manifest was supplied.,,,"Any drift between ZIP, deployed artifact, database, storage, cron, or provider configuration",,Every production state can be traced to an immutable source revision and approved hosted-control manifest.,"Generate and retain a non-secret release attestation covering build SHA, migration max, critical DDL/policy hashes, storage posture, job schedules, Stripe mode, and feature flags.",,,6cb9ad6b5334eea0,,,,,,,,,,,,,Review conclusions may not describe the system handling real data or money,"A correct repository can coexist with stale code, unapplied migrations, permissive policies, wrong provider mode, or disabled jobs.",High,"CI covers typecheck, lint/build, unit, local database, Stripe-gate, and E2E lanes by design.","CI success is not deployment, hosted configuration, feature enablement, or production exercise.",Attestation generated in staging and production; mismatch blocks promotion; rollback produces its own attestation.,"Compare a future read-only production build SHA, migration history, policy hashes, storage posture, cron registry, and provider modes with this archive.",,,,High,,,,,All users and operators,,,"Release, migrations, hosted configuration",Every production launch decision,UNMAPPED_HISTORICAL,,NOT_INDIVIDUALLY_RE_VERIFIED,,,,,,,,,
Hone_Findings_Register_2026-07-10.csv,HNE-ADM-001,Cross-studio platform administration is authorized by email allowlist,P1,2026-07-10,(July 10 readiness-audit baseline),Confirmed architecture,`lib/admin.ts:1–72` resolves `ADMIN_EMAILS`; comments state membership grants cross-studio access through the service-role client; `0113_admin_action_events.sql` adds an admin audit table but not a durable role model.,,,Compromise or reassignment of an allowlisted Supabase identity/email,,An allowlisted email alone never unlocks service-role operations.,"Create platform roles, require Supabase AAL2/MFA for elevation, use short privileged sessions, least-privilege actions, and complete audit coverage.",,,6cb9ad6b5334eea0,,,,,,,,,,,,,Service-role reads/writes across every studio,"The highest privilege boundary has no database-backed role lifecycle, AAL2 requirement, expiry, approval, or scoped support capability.",High,Production fails closed when `ADMIN_EMAILS` is absent; admin actions increasingly create append-only events.,Email possession plus an ordinary authenticated session remains the privilege grant.,AAL1 denial; AAL2 success; role revocation; stale session denial; scoped support role; every mutation emits an immutable event.,"In local/staging, authenticate an identity whose email is in `ADMIN_EMAILS` and access `/admin`; compare with a non-allowlisted user.",,,,High,,,,,Platform administrators; all tenants affected by compromise,,,Platform admin and support,Second unrelated studio; ten studios; public SaaS,UNMAPPED_HISTORICAL,,NOT_INDIVIDUALLY_RE_VERIFIED,,,,,,,,,
Hone_Findings_Register_2026-07-10.csv,HNE-SAA-001,Public self-service SaaS lifecycle is absent,P1,2026-07-10,(July 10 readiness-audit baseline),Confirmed absent,"No runtime `supabase.auth.signUp`, public studio-creation route, Stripe Checkout/subscription flow, plan/entitlement model, dunning, billing portal, or automated cancellation lifecycle was found; studio creation is under `/admin/studios/new`.",,,A studio owner has not been manually provisioned by Hone,,"A stranger can become an active paying studio and leave without database, provider-dashboard, environment, or code intervention.","Implement signup/provisioning, subscription billing, entitlements, activation, support, and offboarding as separate gated systems.",,,6cb9ad6b5334eea0,,,,,,,,,,,,,"Activation, revenue, access, support, and offboarding depend on founder/admin intervention","Hone is a founder-operated product, not self-service SaaS.",High,A setup checklist and founder-led onboarding exist; the public site uses founding-pilot language.,"Guided configuration does not replace atomic provisioning, subscription state, entitlement enforcement, or cancellation.","Duplicate signup, failed provisioning rollback, webhook replay/order, downgrade enforcement, dunning/grace, cancellation/reactivation, data access and purge.","Start at the public site and attempt to create, fund, configure, activate, bill, cancel, and delete a studio without admin access.",,,,High,,,,,Prospective and existing studio owners,,,"Signup, tenant provisioning, Hone billing, entitlements, cancellation",Public signup; ten studios without founder setup; scale,UNMAPPED_HISTORICAL,,NOT_INDIVIDUALLY_RE_VERIFIED,,,,,,,,,
Hone_Findings_Register_2026-07-10.csv,HNE-LOC-001,Multi-location is not an implemented domain model,P1,2026-07-10,(July 10 readiness-audit baseline),Confirmed absent,"No `organizations`, `locations`, or `location_id` model was found; studio address/time zone is singular; no rooms/resources or location roles exist.",,,A customer needs more than one address or location-specific operation,,Every location-sensitive entity and action has an explicit location owner and authorization rule.,Define organization/location/resource entities and explicit sharing/authorization rules before adding location UI.,,,6cb9ad6b5334eea0,,,,,,,,,,,,,"Incorrect schedules, pricing, tax, communications, payment, permissions, and reporting",The product cannot represent the scenario without misusing “studio” as both tenant and location.,High,Users can have memberships in multiple studios and switch context.,"Several independent studios are not one organization with shared clients, central billing, and local operational scope.","Cross-location membership, shared/separate clients, resource collisions, local pricing/tax, location booking pages, central reporting, audit scope.","Attempt to configure two addresses with different hours, services, practitioners, time zones, taxes, and booking pages under one customer.",,,,High,,,,,"Multi-location owner, practitioner, central/local admin, client",,,"Organizations, locations, resources, location-scoped configuration",One company with several locations; franchise/group,UNMAPPED_HISTORICAL,,NOT_INDIVIDUALLY_RE_VERIFIED,,,,,,,,,
Hone_Findings_Register_2026-07-10.csv,HNE-PAY-001,Broad live client-payment safety is not production-proven,P1,2026-07-10,(July 10 readiness-audit baseline),Hosted/production unknown,"Repository contains strong payment code and the Stripe mutation gate passed, but no read-only Stripe account/export, endpoint configuration, delivery history, live-mode event set, or reconciliation evidence was supplied.",,,Live provider configuration differs from source assumptions or a workflow has not been exercised,,Every approved studio has attributable provider/configuration and controlled-exercise evidence.,Create a Stripe readiness pack and per-studio production-exercise checklist; require evidence before live approval.,,,6cb9ad6b5334eea0,,,,,,,,,,,,,"Wrong account/customer/mode, duplicate/stuck charge, failed refund, missed webhook, unreconciled money",Code readiness cannot justify broad unsupervised real-money enablement.,Medium,"Mode-scoped uniqueness, ownership checks, idempotency, signed webhook handling, manual-review states, operational alerts.",Provider configuration and production event behavior are separate states.,"Object ownership, mode isolation, amount authority, replay/order, duplicate submit, refund authorization, disconnection, alert and reconciliation tests.","Use approved test-mode fixtures and a controlled live studio to evidence Connect ownership, setup, charge, duplicate delivery, out-of-order event, refund, disconnection, and reconciliation.",,,,Medium,,,,,"Owners, clients, platform operators",,,"Stripe Connect, charges, refunds, webhooks, reconciliation",Broad live payments; unrelated studios,UNMAPPED_HISTORICAL,,NOT_INDIVIDUALLY_RE_VERIFIED,,,,,,,,,
Hone_Findings_Register_2026-07-10.csv,HNE-JOB-001,Required scheduled-job activation is not declaratively complete,P1,2026-07-10,(July 10 readiness-audit baseline),Confirmed mismatch,"Three cron handlers exist, while `vercel.json` schedules only recurring-break materialization; repository notes indicate reminders may depend on an external scheduler; production activation was not supplied.",,,"External scheduler is absent, misconfigured, duplicated, or silently failing",,"Every relied-upon job has a declared schedule, owner, observable health, and tested failure path.","Declare all jobs in one registry; expose last/next run, claimed/sent/failed counts, retries, and alerts; disable duplicate schedulers.",,,6cb9ad6b5334eea0,,,,,,,,,,,,,"Missed/duplicate communications, stale calendar state, hidden operational backlog",A code-complete automation may never execute—or may execute twice.,High on repository mismatch; hosted activation unknown,Cron routes authenticate with a secret and several jobs use claim/idempotency fields.,"There is no single authoritative job registry, health view, dead-letter queue, or owner.","Auth, duplicate invocation, provider outage, retry exhaustion, cancellation/suspension, time-zone and daylight-saving behavior.","Inventory all hosted schedulers, compare route/schedule/secret/environment, then inspect last-success and duplicate-run evidence.",,,,High on repository mismatch; hosted activation unknown,,,,,"Clients, practitioners, operators",,,"Appointment reminders, no-show checks, recurring breaks, postcare",Any launch relying on automation,UNMAPPED_HISTORICAL,,NOT_INDIVIDUALLY_RE_VERIFIED,,,,,,,,,
Hone_Findings_Register_2026-07-10.csv,HNE-SEC-002,Reusable calendar-feed bearer credentials are readable at studio-member scope,P1,2026-07-10,(July 10 readiness-audit baseline),Confirmed,`0046_practitioner_calendar_feed_token.sql` adds raw token; `0079_calendar_feed_token_hash.sql` adds a hash but retains raw column; practitioner member SELECT policies and `lib/supabase/queries.ts` broad practitioner reads expose the row.,,,A member can read another practitioner row or a broad `select('*')` result,,No tenant query returns a reusable calendar-feed secret.,"Move feed credentials to a private service-only table, store only a hash, show raw once, add rotation/revocation and access events.",,,6cb9ad6b5334eea0,,,,,,,,,,,,,Long-lived feed access to client appointment information,Ordinary membership can become access to another practitioner’s reusable external calendar URL.,High,A hash lookup path was added; feed route token is unguessable; membership can be revoked.,Keeping the raw secret on a broadly readable tenant table defeats hash-at-rest and least privilege.,Member cannot read credential; valid feed works; old token fails after rotation; former member/feed revocation; rate limit and no sensitive logs.,"In local Supabase as practitioner A, query visible practitioner B and inspect `calendar_feed_token`; use it against `/calendar-feed/[token]`.",,,,High,,,,,"Owners, practitioners, former/compromised members",,,Practitioner calendar feed,Multi-practitioner studio; unrelated studios after credential leakage,UNMAPPED_HISTORICAL,,NOT_INDIVIDUALLY_RE_VERIFIED,,,,,,,,,
Hone_Findings_Register_2026-07-10.csv,HNE-REC-001,Completed treatment history has no enforced finalization or amendment model,P1,2026-07-10,(July 10 readiness-audit baseline),Confirmed,Sessions do not carry an enforced finalized/version state; `DoneChartingButton` is navigation/UI completion; member UPDATE policies remain for sessions and entries.,,,Authorized member edits a prior session or entry,,Every post-finalization change is an explicit attributable amendment that preserves prior values.,"Add draft/finalized/amended states, row versions, immutable snapshots, server-only amendment RPCs, reason/actor/timestamp, and deny direct terminal updates.",,,6cb9ad6b5334eea0,,,,,,,,,,,,,"Silent rewriting of areas, settings, observations, notes, and “last visit” context",The exact history feeding treatment memory can change without an attributable amendment.,High,Session/entry audit tables and soft-delete fields exist in parts of the model.,An audit insert that is optional/fail-soft does not make the underlying state immutable.,Draft edit allowed; finalize atomic; terminal direct update/delete denied; amendment preserves original; concurrent version conflict; audit event mandatory.,"Complete a session in the UI, then directly update its earlier entries/notes through the authenticated client.",,,,High,,,,,"Practitioners, owners, clients relying on records",,,"Sessions, treatment entries, notes, treatment memory",Any real treatment-record use,UNMAPPED_HISTORICAL,,NOT_INDIVIDUALLY_RE_VERIFIED,,,,,,,,,
Hone_Findings_Register_2026-07-10.csv,HNE-REC-002,Submitted or reviewed intake responses can be overwritten directly,P1,2026-07-10,(July 10 readiness-audit baseline),Confirmed,"Public actions restrict changes by workflow state, but member UPDATE RLS on intake response rows does not prohibit terminal-state mutation; direct authenticated data access bypasses UI guards.",,,Authenticated studio membership and intake row access,,Submitted intake content is immutable except through an attributable versioned amendment workflow.,Freeze submitted responses; use versioned amendment/reopen operations with actor/reason and preserve the original submission snapshot/hash.,,,6cb9ad6b5334eea0,,,,,,,,,,,,,"Contraindication answers, review state, and the historical basis for treatment can silently change",The record shown as submitted/reviewed may not be the record the client originally supplied.,High,"Intake links/tokens, save-vs-submit behavior, review fields, and application validation exist.",Application-state checks are not enforced at the database boundary.,In-progress update allowed; terminal direct update denied; authorized reopen creates new version; contraindication/review history retained.,"Submit an intake locally, authenticate as a studio member, and update a response value directly through Supabase.",,,,High,,,,,"Practitioners, owners, clients",,,Client health/intake forms and review status,Any broad storage of real intake data,UNMAPPED_HISTORICAL,,NOT_INDIVIDUALLY_RE_VERIFIED,,,,,,,,,
Hone_Findings_Register_2026-07-10.csv,HNE-CAL-001,Appointment collision constraint treats the whole studio as one resource,P1,2026-07-10,(July 10 readiness-audit baseline),Confirmed,"`0030_calendar_reservations.sql` exclusion constraint keys active appointment time range by `studio_id`, not practitioner/room/resource.",,,Two valid appointments overlap in one studio,,Parallel legitimate appointments succeed while every exclusive resource remains race-safe.,Introduce explicit appointment resource/practitioner scope and exclusion constraints for the resources that must not overlap.,,,6cb9ad6b5334eea0,,,,,,,,,,,,,Legitimate parallel capacity is rejected; workarounds can weaken collision safety,The data model is effectively single-resource even though team membership exists.,High,Database exclusion provides strong race-safe double-booking prevention for the current model.,Correct concurrency control is applied to the wrong business resource.,Same practitioner collision denied; different practitioners allowed; shared room/device collision denied; reschedule/override/DST and concurrent final-slot tests.,Create two practitioners in one studio and attempt non-conflicting appointments at the same time.,,,,High,,,,,"Owners, practitioners, clients",,,"Calendar, public/manual booking, multi-practitioner scheduling",Any studio with simultaneous practitioners; multi-location,UNMAPPED_HISTORICAL,,NOT_INDIVIDUALLY_RE_VERIFIED,,,,,,,,,
Hone_Findings_Register_2026-07-10.csv,HNE-AUD-001,Core tenant audit evidence is user-insertable and not uniformly transaction-mandatory,P1,2026-07-10,(July 10 readiness-audit baseline),Confirmed,Legacy audit tables have member INSERT policies; several actions perform a state mutation followed by a separate audit insert and tolerate/log audit failure.,,,Member inserts fabricated audit row or a state write succeeds while audit write fails,,"Every critical state transition has one durable, non-user-forgeable event.","Move critical audit emission into SECURITY DEFINER RPCs/triggers with safe `search_path`, derive actor/studio from auth/context, and revoke member INSERT.",,,6cb9ad6b5334eea0,,,,,,,,,,,,,"False attribution, missing evidence, and unreliable reconstruction","Audit history can be forged or absent precisely when needed for consent, clinical, payment, or security review.",High,`admin_action_events` is stronger: no normal-user policies and service-role writes; several newer operations write structured events.,"Not all critical changes use an actor-derived, append-only, atomic server/database path.",Forged insert denied; mutation rolls back if mandatory audit fails; actor/studio cannot be overridden; immutable read path; retention independent from parent deletion.,"Insert a plausible audit event as a member, or force the audit insert to fail after the underlying update in local/staging.",,,,High,,,,,"Owners, practitioners, investigators",,,Appointment/session/client audit logs,Authoritative records; unrelated studios; incident response,UNMAPPED_HISTORICAL,,NOT_INDIVIDUALLY_RE_VERIFIED,,,,,,,,,
Hone_Findings_Register_2026-07-10.csv,HNE-PAY-002,Stripe live permission is deployment-wide rather than canonical per studio,P1,2026-07-10,(July 10 readiness-audit baseline),Confirmed design gap,"`lib/stripe/server.ts:44–66,119–130` gates the Stripe secret by environment/key prefix; it does not establish a database-enforced studio approval state across every mutation.",,,Production uses a live key with `STRIPE_ALLOW_LIVE_MODE=true`,,Every live mutation proves an active per-studio approval and matching Connect account/mode.,"Add a studio payment-capability state machine (`disabled`, `test`, `live_pending`, `live_approved`, `suspended`) enforced server-side in all Stripe mutations and refunds.",,,6cb9ad6b5334eea0,,,,,,,,,,,,,A reachable studio/payment path may gain live-money capability beyond the explicitly approved tenant,The operational promise “only approved studios are live” is not enforced by one canonical tenant state.,High,Studio/account ownership and livemode are recorded in payment tables; UI settings can hold features.,"A deployment environment flag answers “may this process use a live key,” not “may this studio perform this live operation.”",Unapproved live mutation denied; approved succeeds; suspension immediate; account replacement/reconnect; webhook cannot elevate capability.,"In test/staging, enable the equivalent live-mode flag and invoke payment setup/charge paths for an unapproved studio.",,,,High,,,,,"Owners, clients, operators",,,Client payment capability gating,Controlled live studio; broad live rollout,UNMAPPED_HISTORICAL,,NOT_INDIVIDUALLY_RE_VERIFIED,,,,,,,,,
Hone_Findings_Register_2026-07-10.csv,HNE-EXP-001,“Full data export” is incomplete and memory-bound,P1,2026-07-10,(July 10 readiness-audit baseline),Confirmed,`app/(app)/settings/data/actions.ts` exports selected CSVs and explicitly excludes image/payment data; archive assembly is synchronous/in-memory/base64 and omits several sensitive/ledger domains.,,,Studio requests all data or has significant history/photos,,The export manifest exactly matches product/legal copy and completes within defined size/SLO limits.,Define a versioned export manifest; add asynchronous job/object delivery; include all required metadata/binaries or clearly document exclusions.,,,6cb9ad6b5334eea0,,,,,,,,,,,,,"Missing health, consent, image, payment, communication, and audit evidence; process failure on large archives",Marketing/terms portability claims are unsupported and offboarding cannot preserve a complete record.,High,An owner data-export UI exists and covers useful core entities.,A partial application export is not a complete portable studio record and will not scale with photo volume.,Fixture coverage for every domain; tenant isolation; soft-deleted/audit history; large export; resumability; integrity hash; expiring authenticated download.,"Create a studio with intake, signed consent, photos, payments/refunds, communications, portal events, audit and soft-deleted history; compare export contents.",,,,High,,,,,"Owners, privacy operations, clients indirectly",,,Studio data portability and offboarding,"Public SaaS, cancellation, DSAR, migration to another system",UNMAPPED_HISTORICAL,,NOT_INDIVIDUALLY_RE_VERIFIED,,,,,,,,,
Hone_Findings_Register_2026-07-10.csv,HNE-RBAC-001,Tenant authorization is predominantly coarse studio-member access,P1,2026-07-10,(July 10 readiness-audit baseline),Material gap,"Many policies use `is_studio_member(studio_id)`; owner checks exist for selected settings/actions, but no complete capability/role matrix or reception/support model was found.",,,A member should have narrower duties than full studio clinical/data access,,Every operation is denied unless the active studio role has its explicit capability.,"Create a capability model for owner/practitioner/staff, enforce it in RLS/RPC/server actions, and test every high-risk object/action.",,,6cb9ad6b5334eea0,,,,,,,,,,,,,"Over-broad access to intake, treatment, photos, configuration, exports, or destructive actions",Adding staff or unrelated practitioners creates privacy and insider-risk exposure.,Medium–High,Studio membership and some owner-only server actions; RLS is enabled across repository tables.,Tenant isolation from other studios does not establish least privilege within a studio.,Role matrix across clients/intake/consent/photos/charting/settings/payments/export/team/audit; revoked membership; cross-tab stale role.,Create owner and practitioner memberships and exercise direct table/API operations beyond each persona’s intended UI.,,,,Medium–High,,,,,"Owners, practitioners, staff",,,"Owner, practitioner, future staff/reception roles","Multi-practitioner, unrelated studios, support expansion",UNMAPPED_HISTORICAL,,NOT_INDIVIDUALLY_RE_VERIFIED,,,,,,,,,
Hone_Findings_Register_2026-07-10.csv,HNE-CONC-001,Clinical and intake edits lack optimistic concurrency protection,P1,2026-07-10,(July 10 readiness-audit baseline),Confirmed pattern absence,No consistent row `version`/ETag/compare-and-swap pattern was found for mutable clinical/intake records.,,,Two tabs/users edit the same mutable record,,A stale client cannot silently overwrite a newer clinical/intake version.,"Add version columns and conditional updates, conflict UI, draft autosave timestamps, and immutable finalization.",,,6cb9ad6b5334eea0,,,,,,,,,,,,,"Last-write-wins loss of observations, settings, warnings, or notes",A practitioner can unknowingly overwrite another person’s treatment documentation.,Medium–High,Some operations are discrete rows; database transactions/constraints exist for selected workflows.,Those controls do not detect stale edits to the same record.,Two-editor conflict; stale offline save; retry after conflict; no duplicate audit/amendment.,"Open the same session in two clients, save conflicting changes in sequence, and inspect the lost update.",,,,Medium–High,,,,,Multiple practitioners/owners,,,"Session charting, notes, intake review/amendment",Multi-user studios; long sessions; unstable networks,UNMAPPED_HISTORICAL,,NOT_INDIVIDUALLY_RE_VERIFIED,,,,,,,,,
Hone_Findings_Register_2026-07-10.csv,HNE-PRV-001,"Privacy retention, deletion, correction, and offboarding are not complete operational workflows",P1,2026-07-10,(July 10 readiness-audit baseline),Confirmed incomplete,"Soft deletion exists in selected domains, but no complete case workflow, retention schedule, legal hold, provider purge, backup evidence, portal/job revocation, or permanent-deletion orchestration was found.",,,"Access/correction/deletion/withdrawal request, retention expiry, legal hold, or studio cancellation",,"Every lifecycle request has an attributable state, scope, deadline, completion evidence, and exception path.","Define retention classes and a case-based export/correct/delete/hold workflow with evidence, approval, purge queue, and exception reporting.",,,6cb9ad6b5334eea0,,,,,,,,,,,,,"Inconsistent deletion, residual jobs/tokens/objects/provider data, loss of required records, or unfulfilled policy promise",Sensitive-data obligations and policy promises depend on ad hoc manual work.,High,"Some client soft-delete, token status checks, export UI, and audit events exist.",Data lifecycle spans providers and immutable/required records; individual delete actions are insufficient.,Client/studio request matrix; hold prevents purge; provider failures retry; tokens/jobs revoked; required audit retained; backup handling documented/tested.,"Attempt end-to-end client deletion and studio offboarding across DB, Storage, Stripe, email/SMS, scheduled jobs, tokens, audit, backups, and export.",,,,High,,,,,"Clients, owners, privacy officer/operator",,,Privacy operations and studio/client lifecycle,Public SaaS; real sensitive data; offboarding,UNMAPPED_HISTORICAL,,NOT_INDIVIDUALLY_RE_VERIFIED,,,,,,,,,
Hone_Findings_Register_2026-07-10.csv,HNE-BOOK-001,Losing a final-slot booking race can leave client/consent side effects,P2,2026-07-10,(July 10 readiness-audit baseline),Confirmed,`app/book/[slug]/actions.ts` creates/updates client and consent state before the appointment insert; the exclusion violation returns without rolling those earlier side effects back.,,,Two clients submit the final slot concurrently,,A rejected booking creates no durable side effect beyond an abuse/rate-limit event.,"Move client upsert, consent capture, appointment creation, token/audit creation into one database transaction/RPC, or cleanly stage pending records.",,,6cb9ad6b5334eea0,,,,,,,,,,,,,Orphan/updated client and consent records even though appointment creation loses the exclusion race,Failed booking attempts can pollute CRM/consent data and trigger confusing follow-up.,High,Appointment insert is race-safe and confirmations are not sent after the exclusion error.,The broader booking workflow is not one atomic transaction.,Concurrent final slot; duplicate submit; retry; existing/new client; no email/SMS/audit on rejected transaction.,Submit the same final slot concurrently with new client identities and inspect client/consent rows for the rejected request.,,,,High,,,,,"Public clients, studio operators",,,Public booking transaction boundary,Moderate booking concurrency,UNMAPPED_HISTORICAL,,NOT_INDIVIDUALLY_RE_VERIFIED,,,,,,,,,
Hone_Findings_Register_2026-07-10.csv,HNE-BOOK-002,Public booking silently assigns the active owner and offers no practitioner selection,P2,2026-07-10,(July 10 readiness-audit baseline),Confirmed,`app/book/[slug]/actions.ts:759–779` queries an active owner with `maybeSingle()` and assigns that ID; no public practitioner choice was found.,,,More than one practitioner or non-owner delivery,,Public booking always assigns an eligible practitioner/resource through an explicit rule.,Expose eligible practitioner/resource availability or explicit “any practitioner” assignment with server-side collision rules.,,,6cb9ad6b5334eea0,,,,,,,,,,,,,Wrong practitioner assignment and unusable capacity model,The UI/data model suggests teams while public booking is owner-centric.,High,Manual booking and practitioner membership exist.,Owner attribution is not a generalized scheduling/resource algorithm.,"Specific/any practitioner, removed practitioner, service eligibility, parallel slots, no owner present.",Add multiple practitioners and book publicly.,,,,High,,,,,"Clients, multi-practitioner owners",,,Public booking practitioner choice,Multi-practitioner studio,UNMAPPED_HISTORICAL,,NOT_INDIVIDUALLY_RE_VERIFIED,,,,,,,,,
Hone_Findings_Register_2026-07-10.csv,HNE-INV-001,Pending invitation uniqueness is global by email,P2,2026-07-10,(July 10 readiness-audit baseline),Confirmed,"`0007_pending_invitations.sql` defines pending uniqueness on lower(email), not studio+email; team action reports an invitation in another studio.",,,Same email has a pending invitation elsewhere,,Independent studios can invite the same person without learning about or blocking each other.,"Scope pending uniqueness by studio/email, bind token to studio/role, and handle collisions/expiry atomically.",,,6cb9ad6b5334eea0,,,,,,,,,,,,,Invitation collision and cross-tenant operational leakage,Legitimate multi-studio membership onboarding is blocked and can reveal that another invitation exists.,High,Accepted users can have multiple practitioner memberships.,Invitation state does not match the multi-membership model.,Same email two studios; resend/revoke/expire; role change; token replay; accepted membership uniqueness.,Invite the same email to Studio A and Studio B before acceptance.,,,,High,,,,,"Owners, practitioners in several studios",,,Team invitations,One user invited to multiple unrelated studios,UNMAPPED_HISTORICAL,,NOT_INDIVIDUALLY_RE_VERIFIED,,,,,,,,,
Hone_Findings_Register_2026-07-10.csv,HNE-CSV-001,CSV exports do not neutralize spreadsheet formulas,P2,2026-07-10,(July 10 readiness-audit baseline),Confirmed,CSV escaping in `settings/data/actions.ts` quotes delimiters but does not prefix dangerous formula-leading values.,,,"A client/name/note begins with `=`, `+`, `-`, `@`, tab, or carriage return",,No exported user-controlled cell is interpreted as a formula by supported spreadsheet tools.,Prefix dangerous values with an apostrophe or use a documented safe export encoding; warn on raw formats.,,,6cb9ad6b5334eea0,,,,,,,,,,,,,Spreadsheet formula execution or misleading content when opened,Untrusted client-entered data can become active spreadsheet content.,High,CSV quotation/escaping exists.,CSV syntax escaping and formula neutralization are different controls.,"All leading markers, Unicode whitespace, quoted multiline values, round-trip expectations.","Create a client/note beginning with a formula marker, export, and open in a spreadsheet sandbox.",,,,High,,,,,Owners and support staff opening exports,,,CSV data export,Any export containing user-entered values,UNMAPPED_HISTORICAL,,NOT_INDIVIDUALLY_RE_VERIFIED,,,,,,,,,
Hone_Findings_Register_2026-07-10.csv,HNE-PORT-001,Client portal access events cascade away with client deletion,P2,2026-07-10,(July 10 readiness-audit baseline),Confirmed,`0111_client_portal_access_events.sql` references the client with `ON DELETE CASCADE`.,,,Client row is deleted,,Portal-event retention follows a documented policy independent of accidental cascade.,Define retention/legal basis; use restricted/pseudonymized subject reference or explicit purge policy.,,,6cb9ad6b5334eea0,,,,,,,,,,,,,Loss of evidence that a portal link was issued or used,A deletion erases access history that may be relevant to privacy/security investigation.,High,The event table is otherwise structured and studio/client bound.,"Audit retention should be independently designed, minimized, and pseudonymized rather than inherited from parent deletion.",Client soft/hard delete; event retention; restricted admin read; retention expiry.,Create portal events then delete the client in local DB.,,,,High,,,,,"Owners, clients, investigators",,,Portal audit/status history,Deletion/offboarding/incident review,UNMAPPED_HISTORICAL,,NOT_INDIVIDUALLY_RE_VERIFIED,,,,,,,,,
Hone_Findings_Register_2026-07-10.csv,HNE-AUD-002,Booking audit payload duplicates raw contact and free-text data,P2,2026-07-10,(July 10 readiness-audit baseline),Material finding,Booking actions write raw email/free-text context into audit JSON in addition to canonical client/appointment records.,,,Booking contains contact details or sensitive notes,,Audit events contain the minimum fields needed for attribution and reconstruction.,"Audit identifiers/state changes, not duplicated content; redact existing payloads under an approved migration.",,,6cb9ad6b5334eea0,,,,,,,,,,,,,Expanded sensitive-data footprint and retention/search exposure,Deletion/correction/redaction becomes harder and more systems contain sensitive data.,Medium–High,Some public error logs use salted email fingerprints and avoid raw DB errors.,The audit payload still stores values not required to prove the state transition.,No intake/notes/contact raw values in logs/audit; correlation IDs retained.,Book with unique contact/note values and inspect appointment audit payload.,,,,Medium–High,,,,,"Clients, operators",,,Appointment audit/logging,Public booking and log/audit access,UNMAPPED_HISTORICAL,,NOT_INDIVIDUALLY_RE_VERIFIED,,,,,,,,,
Hone_Findings_Register_2026-07-10.csv,HNE-IMG-001,Photo archive does not implement object purge or retention lifecycle,P2,2026-07-10,(July 10 readiness-audit baseline),Confirmed incomplete,Photo archive action updates `deleted_at`/`deleted_by`; no complete object lifecycle/purge job with evidence was found.,,,Photo is archived or subject to a deletion request,,Every photo has a visible lifecycle and verified terminal disposition.,"Add retention state, restore window, purge queue, object-delete verification, exception/retry, and manifest updates.",,,6cb9ad6b5334eea0,,,,,,,,,,,,,Binary persists in storage indefinitely; export/purge state differs from UI,UI removal can be mistaken for actual deletion and storage costs grow indefinitely.,High,Soft deletion supports recovery/audit; access queries filter active rows.,"Soft deletion needs a defined retention, hold, restore, and irreversible purge stage.",Archive/restore/purge/hold; provider failure; orphan detection; export inclusion policy.,Archive a photo and inspect the storage object.,,,,High,,,,,"Clients, owners, privacy operators",,,Treatment-photo deletion,"Client deletion, correction, offboarding, storage scale",UNMAPPED_HISTORICAL,,NOT_INDIVIDUALLY_RE_VERIFIED,,,,,,,,,
Hone_Findings_Register_2026-07-10.csv,HNE-OBS-001,No dedicated APM/tracing and incomplete operational observability,P2,2026-07-10,(July 10 readiness-audit baseline),Confirmed evidence gap,"No Sentry/OpenTelemetry-like dependency or current dashboard/export was found; observability relies on console logs, selected internal event/alert tables, and provider dashboards.",,,Intermittent failure or performance degradation,,Critical failures are detected and attributable without exposing health/intake/photo/token data.,"Add redacted error/metric/tracing with tenant-safe correlation IDs, dashboards, SLOs, alerts, and runbooks.",,,6cb9ad6b5334eea0,,,,,,,,,,,,,"Slow detection, weak correlation, sensitive console logs, unresolved failures","Support cannot reliably detect, diagnose, prioritize, or measure incidents.",High,Structured JSON logs and `ops_alerts` exist in selected paths.,"They do not provide end-to-end traces, SLOs, redaction assurance, paging, or ownership.",Telemetry redaction; alert routing; provider outage; SLO burn; tenant-level incident filtering.,"Induce an email/storage/Stripe/database failure in staging and trace it across request, tenant, job, provider, and user-visible state.",,,,High,,,,,Operators and customers during incidents,,,"Reliability, provider jobs, payments, storage",More than one studio; critical automated workflows,UNMAPPED_HISTORICAL,,NOT_INDIVIDUALLY_RE_VERIFIED,,,,,,,,,
Hone_Findings_Register_2026-07-10.csv,HNE-CI-001,CI third-party actions are tag-pinned rather than immutable-SHA pinned,P2,2026-07-10,(July 10 readiness-audit baseline),Confirmed,"Workflow uses version tags such as `actions/checkout@v4`, `actions/setup-node@v4`, and `supabase/setup-cli@v1`.",,,Upstream action tag compromise or retargeting,,Every external CI action resolves to an approved immutable commit.,Pin third-party actions to reviewed commit SHAs and automate monitored updates.,,,6cb9ad6b5334eea0,,,,,,,,,,,,,Unreviewed code executes with CI permissions,Build/test provenance is weaker than necessary for a sensitive-data/payments product.,High,Workflow permissions and no-production-secrets posture are relatively constrained.,A mutable tag is not an immutable dependency.,Workflow dry run; dependency update process; permissions remain least privilege.,Review `.github/workflows/ci.yml` action references.,,,,High,,,,,Engineering/operators,,,Software supply chain,All releases,UNMAPPED_HISTORICAL,,NOT_INDIVIDUALLY_RE_VERIFIED,,,,,,,,,
Hone_Findings_Register_2026-07-10.csv,HNE-TST-001,High-risk database/browser behavior remains unexecuted in this audit,P2,2026-07-10,(July 10 readiness-audit baseline),Confirmed limitation,"4,006 assertions across 275 non-database suites passed, but 34 database suites and eight Playwright specs were not executed because required local services/browser environment were unavailable; many tests are source guards.",,,Static/source-pattern tests pass while runtime behavior differs,,All launch-gate tests execute against the exact release artifact with no unexplained skip.,Make a reproducible audit harness and publish machine-readable results/artifacts for DB/RLS/storage/E2E/concurrency.,,,6cb9ad6b5334eea0,,,,,,,,,,,,,"False confidence in tenant isolation, constraints, browser flows, and provider boundaries",The most security-critical claims do not have fresh executed evidence in this environment.,High,The repository includes substantial DB and E2E test assets and CI definitions.,Test presence/name and static regex checks are not behavior.,"The missing suites themselves, plus two-tenant and final-slot/payment/provider scenarios.",Run CI-equivalent local Supabase/Postgres and Playwright lanes on the reviewed SHA.,,,,High,,,,,All,,,"RLS, concurrency, storage, public links, E2E accessibility",Every launch beyond local source review,UNMAPPED_HISTORICAL,,NOT_INDIVIDUALLY_RE_VERIFIED,,,,,,,,,
Hone_Findings_Register_2026-07-10.csv,HNE-MIG-001,Migration files contain stale deployment-state narrative,P2,2026-07-10,(July 10 readiness-audit baseline),Confirmed,Recent migration comments include production-application statements; migration files cannot update after deployment without corrupting provenance.,,,A comment such as “not applied to production” becomes outdated,,No migration comment is used as evidence that a hosted environment is current.,Move environment state to release attestations/runbooks; keep migrations factual and timeless.,,,6cb9ad6b5334eea0,,,,,,,,,,,,,Operators mistake historical prose for current hosted state,Configuration drift and incorrect readiness claims become easier.,High,Numbered migrations are ordered and detailed.,"DDL source is appropriate for intent, not dynamic environment status.",Release tooling validates migration max/hash and rejects undocumented drift.,Compare file comments with a hosted migration history at a later date.,,,,High,,,,,Engineering/operators/auditors,,,Migration governance and release documentation,All releases,UNMAPPED_HISTORICAL,,NOT_INDIVIDUALLY_RE_VERIFIED,,,,,,,,,
Hone_Findings_Register_2026-07-10.csv,HNE-MEM-001,Structured observation-chip migration leaves legacy records inconsistent,P2,2026-07-10,(July 10 readiness-audit baseline),Confirmed,`0108` adds/changes the structured representation but explicitly performs no historical backfill.,,,Record predates the structured-chip migration,,Every historical record is either mapped or explicitly marked unresolved.,"Create an idempotent reviewable backfill/migration report, preserving raw legacy values and flagging ambiguous mappings.",,,6cb9ad6b5334eea0,,,,,,,,,,,,,Missing/inconsistent “last visit” memory and comparisons,Treatment memory quality varies by record age and whether a record has been re-saved.,High,New writes use structured chips; UI has compatibility logic.,Compatibility display does not create consistent queryable history.,"Representative legacy values, unknown chips, rerun idempotency, no data loss.",Load legacy entries and compare chip display/search with newly edited entries.,,,,High,,,,,Practitioners,,,Treatment memory and observations,Studios with imported/older treatment history,UNMAPPED_HISTORICAL,,NOT_INDIVIDUALLY_RE_VERIFIED,,,,,,,,,
Hone_Findings_Register_2026-07-10.csv,HNE-TIM-001,The reported 24-hour-time claim overstates implemented scope,P2,2026-07-10,(July 10 readiness-audit baseline),Confirmed,`0109` explicitly limits the preference and keeps client-facing email/SMS/public booking in 12-hour presentation.,,,Studio expects preference to affect SMS/email/public booking,,Product copy and tests match one explicit channel-by-channel time policy.,Either extend the preference intentionally to every channel or name/scope it as “staff calendar display.”,,,6cb9ad6b5334eea0,,,,,,,,,,,,,"Inconsistent times, support burden, and misleading release/marketing claims",The feature is real but not end-to-end.,High,Authenticated calendar/settings/components use a shared time-format helper.,A scoped internal preference was represented as universal consistency.,"Every surface, studio/browser/client time zone, DST, cross-midnight, switch between studios.",Enable 24-hour studio preference and compare authenticated calendar with confirmation/reminder SMS/email/public surfaces.,,,,High,,,,,"Owners, practitioners, clients",,,Time display settings and communications,Studios requiring 24-hour time across all channels,UNMAPPED_HISTORICAL,,NOT_INDIVIDUALLY_RE_VERIFIED,,,,,,,,,
Hone_Findings_Register_2026-07-10.csv,HNE-MKT-001,"Billing, cancellation, deletion, and export copy exceeds implemented operations",P2,2026-07-10,(July 10 readiness-audit baseline),Confirmed,"Public/repository pages describe subscription billing/cancellation/full export/specific deletion timing while Hone subscription billing is absent, export is partial, and deletion evidence workflow is incomplete.",,,"Customer relies on published monthly/annual billing, cancel-anytime, full export, or deletion deadlines",,"Every material claim names actual availability, enablement, manual dependency, and limitation.",Qualify/remove unsupported claims now; implement exact operational workflows before restoring them.,,,6cb9ad6b5334eea0,,,,,,,,,,,,,Misleading expectations and unfulfillable operational commitments,Trust and commercial/legal risk even without an immediate security exploit.,High,Founding-pilot/founder-led language is candid and reduces some ambiguity.,The strongest promises are written as general capabilities rather than pilot/manual processes.,Automated feature-to-copy truth checks; release review of pricing/terms/privacy against current state.,"Trace each public promise to a code, provider, operator, and evidence-producing workflow.",,,,High,,,,,Prospective/existing studio owners and clients,,,"Pricing, terms, privacy, trust",Public marketing and commercial launch,UNMAPPED_HISTORICAL,,NOT_INDIVIDUALLY_RE_VERIFIED,,,,,,,,,
Hone_Findings_Register_2026-07-10.csv,HNE-BLD-001,Production build depends on live Google Fonts fetch,P2,2026-07-10,(July 10 readiness-audit baseline),Executed,`npm run build` reached Next build but failed fetching Fraunces/Inter in the network-restricted environment.,,,Build runner cannot reach `fonts.googleapis.com`,,A clean locked build succeeds without runtime internet dependency.,Self-host approved font files or vendor them through a controlled asset pipeline.,,,6cb9ad6b5334eea0,,,,,,,,,,,,,Otherwise valid release cannot be built or reproduced,Release availability and deterministic rebuilds depend on an external network service.,High,`next/font` optimizes font handling when fetch succeeds.,A production artifact should be buildable from pinned repository/package inputs.,Offline/restricted build; font preload/render; license documentation.,Run build with outbound network disabled.,,,,High,,,,,Engineering/operators,,,Build reproducibility,CI/release during network or provider outage,UNMAPPED_HISTORICAL,,NOT_INDIVIDUALLY_RE_VERIFIED,,,,,,,,,
Hone_Findings_Register_2026-07-10.csv,HNE-SEO-001,Technical SEO and answer-engine foundations are incomplete,P2,2026-07-10,(July 10 readiness-audit baseline),Confirmed repository gap,"Metadata/Open Graph/Twitter elements exist, but no sitemap, robots route/file, canonical strategy, or structured data was found in the repository.",,,Search/AI crawler discovers the site,,Every public page has intentional index/canonical metadata and accurate structured data.,"Add sitemap/robots/canonicals, Organization/SoftwareApplication/FAQ structured data where truthful, and focused electrologist use-case content.",,,6cb9ad6b5334eea0,,,,,,,,,,,,,"Weak indexing, ambiguous canonical identity, limited feature/use-case answers",A strong niche positioning has little crawlable surface beyond core pages.,High repository confidence; deployed crawl unknown,Semantic marketing copy and route-level metadata exist.,Core metadata is not a complete technical/content architecture.,"Build metadata snapshot, crawler validation, no sensitive/private route indexing, structured-data validation.",Inspect generated metadata/routes and crawl the deployed site.,,,,High repository confidence; deployed crawl unknown,,,,,Prospective studio owners,,,Marketing crawlability/discoverability,Organic acquisition,UNMAPPED_HISTORICAL,,NOT_INDIVIDUALLY_RE_VERIFIED,,,,,,,,,
Hone_Findings_Register_2026-07-10.csv,HNE-A11Y-001,Custom navigation/dialog focus management is not WCAG-ready,P2,2026-07-10,(July 10 readiness-audit baseline),Source finding; browser test unrun,"Closed mobile nav uses visual hiding/`aria-hidden` while links remain mounted; custom dialogs handle Escape but no consistent focus trap, initial focus, inert background, or return focus was verified.",,,"Use keyboard, screen reader, zoom, or reduced motion",,Critical journeys pass a documented WCAG 2.2 AA test matrix.,"Use accessible dialog primitives or implement focus trap/restore/inert, unmount closed nav, live errors/status, drag alternatives, and automated/manual WCAG testing.",,,6cb9ad6b5334eea0,,,,,,,,,,,,,Hidden controls remain focusable; focus is not trapped/restored; status/error changes may be missed,Users can become disoriented or unable to complete critical tasks.,Medium–High,"Labels, source accessibility tests, semantic elements, and keyboard handlers exist in many components.",Presence of ARIA and Escape handling is not complete modal/navigation behavior.,"Playwright+axe, keyboard-only, screen reader, 200% zoom, reduced motion, mobile touch targets.",Keyboard through mobile nav and custom dialogs at 390–430 px; inspect focus order and screen-reader tree.,,,,Medium–High,,,,,Keyboard and screen-reader users,,,"Mobile navigation, drawers, chart-completion dialog",Public/client/staff production UX,UNMAPPED_HISTORICAL,,NOT_INDIVIDUALLY_RE_VERIFIED,,,,,,,,,
Hone_Findings_Register_2026-07-10.csv,HNE-RATE-001,Public rate limiting fails open during configuration/provider failure,P2,2026-07-10,(July 10 readiness-audit baseline),Confirmed,`lib/rate-limit/public.ts` intentionally permits requests when rate limiting is unavailable in selected paths.,,,Rate-limit configuration missing or provider errors,,No dependency failure permits unbounded expensive or token-guessing requests.,"Classify endpoints; fail closed or degrade safely for high-cost/high-risk actions; add provider/studio/IP budgets, challenge/escalation, and alerts.",,,6cb9ad6b5334eea0,,,,,,,,,,,,,"Booking spam, email/SMS cost amplification, brute force, noisy-neighbour load",The system loses an important abuse boundary precisely during dependency failure.,High,"Token entropy, server validation, provider limits, and rate limiting under normal configuration.",Fail-open may preserve availability but needs compensating local/provider/studio budgets and alerting.,"Missing config, Redis outage, distributed IP/account/studio abuse, email/SMS amplification.",Remove/interrupt Upstash configuration and exercise public actions repeatedly.,,,,High,,,,,"Clients, studios, operators",,,"Booking, portal, public links, communications abuse resistance",Internet abuse or Upstash outage,UNMAPPED_HISTORICAL,,NOT_INDIVIDUALLY_RE_VERIFIED,,,,,,,,,
Hone_Findings_Register_2026-07-10.csv,HNE-OPS-001,"Background automation lacks durable queue, DLQ, and tenant fairness",P2,2026-07-10,(July 10 readiness-audit baseline),Confirmed scale gap,"Cron/claim loops and per-run caps are appropriate for pilot use, but no durable queue/backpressure/dead-letter/per-tenant scheduling system was found.",,,"Provider outage, retry storm, poison item, or noisy tenant",,"Backlog, ownership, retries, failure and tenant impact are observable and bounded.","Introduce durable jobs with idempotency keys, backoff, DLQ, tenant budgets, cancellation, replay tooling, and health metrics.",,,6cb9ad6b5334eea0,,,,,,,,,,,,,"Starvation, duplicates, hidden backlog, repeated cost, timeouts",Operational reliability degrades nonlinearly as studio count and message volume grow.,High,"Several jobs claim before send, track attempts, and create ops alerts.",Database polling plus caps is not a complete multi-tenant worker system.,"Duplicate runner, poison job, provider outage, fairness, suspension/deletion, replay and manual retry.","Seed work above one run’s cap, fail a provider repeatedly, and observe fairness/recovery.",,,,High,,,,,Operators and all studios,,,"Reminders, postcare, exports, cleanup, reconciliation","Ten to 1,000 studios",UNMAPPED_HISTORICAL,,NOT_INDIVIDUALLY_RE_VERIFIED,,,,,,,,,
Hone_Findings_Register_2026-07-10.csv,HNE-ACT-001,OAuth can create an Auth identity without an active studio lifecycle,P2,2026-07-10,(July 10 readiness-audit baseline),Material finding,OAuth login exists; application redirects identities without active practitioner memberships to no-access; no self-service account deletion/provisioning was found.,,,User completes Google OAuth without invitation/membership,,Every Auth identity has a documented lifecycle and deletion path.,Choose invitation-only enforcement before OAuth completion or add explicit pending/signup lifecycle and self-service identity deletion.,,,6cb9ad6b5334eea0,,,,,,,,,,,,,"Orphan Auth users, confusing no-access state, manual privacy deletion",Accounts can exist without a product tenant or clear lifecycle.,Medium–High,No-access prevents tenant data access; selected-studio resolution checks membership.,"Safe authorization does not solve account creation, communication, deletion, or conversion.","Uninvited OAuth, expired invitation, email collision, deletion, later invitation.",Authenticate a new Google identity with no invitation.,,,,Medium–High,,,,,Prospective/removed users,,,Login/account lifecycle,Public discovery and account recovery,UNMAPPED_HISTORICAL,,NOT_INDIVIDUALLY_RE_VERIFIED,,,,,,,,,
Hone_Findings_Register_2026-07-10.csv,HNE-DEPS-001,Dependency audit reports moderate vulnerabilities,P2,2026-07-10,(July 10 readiness-audit baseline),Executed,"Local npm audit reported four moderate production vulnerabilities and five moderate total, with no high/critical findings at audit time.",,,A vulnerable code path is reachable,,"Every unresolved advisory has an owner, reachability assessment, mitigation, and due date.","Triage each advisory, upgrade or document non-reachability/compensating control, and automate monitored updates.",,,6cb9ad6b5334eea0,,,,,,,,,,,,,Library-specific security/reliability exposure,"Not an automatic launch stop, but unresolved advisories need ownership and expiry.",High,Lockfile present; no high/critical audit findings in the executed scan.,Severity alone does not establish reachability or acceptable risk.,Regression/build/unit/E2E after upgrade; SBOM/advisory report retained.,Run the lockfile audit in the same Node/npm environment and review advisory reachability.,,,,High,,,,,All,,,Third-party dependencies,All deployments,UNMAPPED_HISTORICAL,,NOT_INDIVIDUALLY_RE_VERIFIED,,,,,,,,,
Hone_Findings_Register_2026-07-10.csv,HNE-SUP-001,Support access and customer operations are founder-centric,P2,2026-07-10,(July 10 readiness-audit baseline),Confirmed maturity gap,"Admin pages and founder-led processes exist, but no scoped support role, ticket/case linkage, approved impersonation, tenant suspension state machine, or customer-visible status workflow was found.",,,"A customer needs diagnosis, temporary suspension, recovery, export, or intervention",,Support can diagnose common issues without unrestricted cross-tenant data access.,"Create scoped support cases, time-bound tenant grants, no-secret impersonation/“view as” controls, suspension/recovery, and mandatory audit.",,,6cb9ad6b5334eea0,,,,,,,,,,,,,"Broad service-role access, inconsistent manual fixes, weak separation of duties",Support burden and privacy/security risk rise with every studio.,Medium–High,Admin action events and operational pages are developing.,A platform-admin console is not a least-privilege support operating model.,"Case-required access, tenant scope, expiry/revocation, customer notification, audit completeness.",Attempt to resolve a tenant issue without granting cross-studio service-role access or editing the database/provider dashboard.,,,,Medium–High,,,,,"Studio owners, support/admin, all tenant users",,,"Support, suspension, impersonation, customer success","Ten studios, public SaaS, incidents",UNMAPPED_HISTORICAL,,NOT_INDIVIDUALLY_RE_VERIFIED,,,,,,,,,
Chloe production feedback — 2026-07-30,CHLOE-001,Typing a custom treatment area commits one partial area row per keystroke,P1,2026-07-30,c64366c9ba4130283932bbe21e32bf2ed62c4975,"reported by studio owner (sanitized: no names, no screenshots, no treatment content)","AreaPicker raises the parent onChange callback on every custom-text change; MultiAreaEditor treats each callback as an area commit, so a single custom entry produces one selected row per keystroke.","A practitioner types a custom area name during charting and the block ends up holding several partial rows instead of the one intended area, corrupting the treated-area record for that session.",practitioners charting treatments; treated-area history,authenticated studio member,no existing automated coverage found,"Fresh-DB/E2E: typing an N-character custom area produces exactly ONE committed area row; existing areas unaffected; commit occurs on blur/confirm, not per keystroke.",Debounce/commit-on-confirm in the custom-area path so the parent only receives a committed value.,code-only; implementation deliberately NOT performed in this audit,,(sanitized verbal/visual report; no artifact stored),,,,,,,,,,,,,,,,,,"Fresh-DB/E2E: typing an N-character custom area produces exactly ONE committed area row; existing areas unaffected; commit occurs on blur/confirm, not per keystroke.",,reported by studio owner,,,,,,,,,,,,,HN-056,P1,OPEN,REACHABLE_IN_PRODUCTION,true,WILLOW_NOW,T3-charting,PR-04,,,c64366c9ba4130283932bbe21e32bf2ed62c4975,2026-07-30
Chloe production feedback — 2026-07-30,CHLOE-002,"Checkout amount does not reliably default from the booked service, and the internal note is believed mandatory",P2,2026-07-30,c64366c9ba4130283932bbe21e32bf2ed62c4975,"reported by studio owner (sanitized: no names, no screenshots, no treatment content)",Practitioner-reported regression. The repository claims both were already addressed; that claim is NOT independently confirmed against the deployed build.,"At checkout the practitioner sees an amount that does not match the booked service and believes an internal note is required, slowing or mis-pricing a live charge.",practitioners taking payment; checkout accuracy,authenticated studio member,no existing automated coverage found,Reproduce on the deployed build; then assert the amount defaults from the booked service and the note is optional. Do not close on source inspection alone.,"Reproduce first. Related to F-PAY-001 but tracked separately — F-PAY-001 is server-side amount authority, this is the UX/default regression.",code-only; implementation deliberately NOT performed in this audit,,(sanitized verbal/visual report; no artifact stored),,,,,,,,,,,,,,,,,,Reproduce on the deployed build; then assert the amount defaults from the booked service and the note is optional. Do not close on source inspection alone.,,reported by studio owner,,,,,,,,,,,,,HN-057,P2,EVIDENCE_LIMITATION,REACHABLE_IN_PRODUCTION,true,WILLOW_NOW,T3-charting,PR-13,,,c64366c9ba4130283932bbe21e32bf2ed62c4975,2026-07-30
Chloe production feedback — 2026-07-30,CHLOE-003,Service move up/down reordering is unreliable and a service cannot be brought to the top,P2,2026-07-30,c64366c9ba4130283932bbe21e32bf2ed62c4975,"reported by studio owner (sanitized: no names, no screenshots, no treatment content)",Reorder is applied as two separate updates rather than one atomic operation.,"Owner cannot put the most-used service first, so every booking costs extra navigation.",studio owners configuring services,authenticated studio member,no existing automated coverage found,Reorder N services to an arbitrary target order and assert the persisted order matches exactly; concurrent reorder does not interleave.,Make reordering a single atomic operation over the full ordered set.,code-only; implementation deliberately NOT performed in this audit,,(sanitized verbal/visual report; no artifact stored),,,,,,,,,,,,,,,,,,Reorder N services to an arbitrary target order and assert the persisted order matches exactly; concurrent reorder does not interleave.,,reported by studio owner,,,,,,,,,,,,,HN-058,P2,OPEN,REACHABLE_IN_PRODUCTION,true,BEFORE_STUDIO_2,T3-charting,PR-14,,,c64366c9ba4130283932bbe21e32bf2ed62c4975,2026-07-30
Chloe production feedback — 2026-07-30,CHLOE-004,Dashboard truncates the remember-note and the latest-settings summary,P2,2026-07-30,c64366c9ba4130283932bbe21e32bf2ed62c4975,"reported by studio owner (sanitized: no names, no screenshots, no treatment content)",Both fields are ellipsized in the dashboard surface.,"The practitioner cannot read the memory note or previous settings without navigating away, defeating the point of surfacing them.",practitioners on the daily dashboard,authenticated studio member,no existing automated coverage found,Assert full content is reachable (expand/wrap/tooltip) at the mobile breakpoint the studio actually uses.,Expand or wrap rather than ellipsize.,code-only; implementation deliberately NOT performed in this audit,,(sanitized verbal/visual report; no artifact stored),,,,,,,,,,,,,,,,,,Assert full content is reachable (expand/wrap/tooltip) at the mobile breakpoint the studio actually uses.,,reported by studio owner,,,,,,,,,,,,,HN-059,P2,OPEN,REACHABLE_IN_PRODUCTION,true,WILLOW_NOW,T3-charting,PR-15,,,c64366c9ba4130283932bbe21e32bf2ed62c4975,2026-07-30
Chloe production feedback — 2026-07-30,CHLOE-005,Service cards are spaced too tightly and the colour choices are hard to distinguish,P2,2026-07-30,c64366c9ba4130283932bbe21e32bf2ed62c4975,"reported by studio owner (sanitized: no names, no screenshots, no treatment content)",Reported visual density and low colour differentiation across service cards; more distinguishable options requested.,Services are mis-identified at a glance during booking.,anyone reading the service list,authenticated studio member,no existing automated coverage found,Spacing and palette reviewed at the real device breakpoint; colour pairs meet a stated contrast/differentiation bar.,Increase spacing; widen the palette's perceptual separation.,code-only; implementation deliberately NOT performed in this audit,,(sanitized verbal/visual report; no artifact stored),,,,,,,,,,,,,,,,,,Spacing and palette reviewed at the real device breakpoint; colour pairs meet a stated contrast/differentiation bar.,,reported by studio owner,,,,,,,,,,,,,HN-060,P2,OPEN,REACHABLE_IN_PRODUCTION,true,BEFORE_STUDIO_2,T3-charting,PR-15,,,c64366c9ba4130283932bbe21e32bf2ed62c4975,2026-07-30
NEW-2026-07-30 (this reconciliation),N-SEC-001,"Session practitioner attribution can be re-pointed, including to another studio's practitioner",P1,2026-07-30,c64366c9ba4130283932bbe21e32bf2ed62c4975,discovered in this reconciliation,supabase/migrations/0001_init.sql:82 sessions.practitioner_id references practitioners(id) on delete restrict; 0003_allergies_and_session_fields.sql:12 performed_by_practitioner_id references practitioners(id) on delete set null. 0094_tenant_consistency_constraints.sql adds composite same-studio FKs for client_id and appointment_id ONLY. 0160 names neither practitioner column.,"Surfaced by challenging the F-SEC-001 closure; F-SEC-001's own acceptance criteria named practitioner re-parenting, which 0160 does not cover. Because the FK targets practitioners(id) with no studio component, the target need not belong to the caller's studio.",,,,Fresh-DB test proving an authenticated member of studio A cannot set sessions.practitioner_id or performed_by_practitioner_id to a practitioner belonging to studio B — by composite same-studio FK or by trigger — and that the same-studio case still succeeds.,"Independent of the privilege sweep — it is a constraint/trigger addition, not a grant change. No call site writes these columns from a payload (verify before shipping).",,"Read-only 2026-07-30: all five practitioner FKs on public.sessions are PLAIN single-column FKs to practitioners(id) — zero composite same-studio constraints. Triggers guarding practitioner columns: 0. has_table_privilege('authenticated','public.sessions','UPDATE')=true. sessions has 1 UPDATE-capable policy predicated on is_studio_member(studio_id), which still holds because studio_id does not change. 6 practitioners across 4 studios.",(n/a),,,,,,,,,,,,,,,,,,,,,,,,,,,,,,,,,HN-049,P1,OPEN,REACHABLE_IN_PRODUCTION,true,BEFORE_STUDIO_2,T6-identity,PR-08,,,c64366c9ba4130283932bbe21e32bf2ed62c4975,2026-07-30
NEW-2026-07-30 (this reconciliation),N-DOC-001,Public terms page claims a subscription and refund lifecycle the product does not have,P1,2026-07-30,c64366c9ba4130283932bbe21e32bf2ed62c4975,discovered in this reconciliation,"app/terms/page.tsx:256-272 — live public legal copy stating pricing is published at hone.care/pricing, that subscriptions are billed in advance and processed by Stripe, and a refund policy for subscription periods. No subscription billing exists (see F-BILL-001). Split out of F-BILL-001 by the frozen-head review, which found this live claim buried inside a row closed NOT_A_LAUNCH_REQUIREMENT. app/pricing/page.tsx carries the same recurring-subscription framing (""while you stay continuously subscribed""; ""Pricing may change with 30 days' notice to existing subscribers"") and only partly self-corrects at :171-173 (""Setup and payment activation happen during a guided onboarding, there is no self-service checkout""). The remediation must correct both public surfaces together, otherwise a corrected terms page points at an uncorrected pricing page.","A published legal page describing a billing lifecycle that does not exist is a live truthfulness/consumer-claim exposure, independent of whether the platform is ever built. It is copy-only and can be corrected immediately — it must not wait on billing architecture.",,,,"A docs/copy truth-guard test asserting that app/terms/page.tsx and app/pricing/page.tsx contain no claim of automated subscription billing, Stripe-processed subscription payments, subscription-period refunds or payment-failure suspension while those capabilities do not exist; the guard must fail if the claim is reintroduced.",None. Copy-only.,,"Served publicly from the deployed build at c64366c9; no subscription, plan, or refund-lifecycle tables or Stripe subscription objects exist for it to describe.",(n/a),,,,,,,,,,,,,,,,,,,,,,,,,,,,,,,,,HN-050,P1,OPEN,REACHABLE_IN_PRODUCTION,true,WILLOW_NOW,T0-copy,PR-02,,,c64366c9ba4130283932bbe21e32bf2ed62c4975,2026-07-30
docs/production/known-limitations.md,L18,authenticated holds direct row DML on five clinical tables,P1,2026-07-30,c64366c9ba4130283932bbe21e32bf2ed62c4975,discovered in this reconciliation,"26 application call sites write sessions, session_blocks, electrolysis_entries, laser_entries and treatment_images directly with the browser client.","0160 pinned lineage columns but removed no grant. Content DML remains direct, outside reviewed commands. SEVERITY AND GATE CORRECTION (pass 3): L18 is structurally identical to F-SEC-002 — authenticated holding direct row DML that bypasses the reviewed command path, its authorization checks and its audit trail — and F-SEC-002 is P1/BEFORE_STUDIO_2. L18's tables hold CLINICAL data, so it cannot be the lesser of the two. The remediation is larger (26 call sites, strictly ordered) but effort is not severity. SEVERITY AND GATE CORRECTION (pass 3): L18 is structurally identical to F-SEC-002 — authenticated holding direct row DML that bypasses the reviewed command path, its authorization checks and its audit trail — and F-SEC-002 is P1/BEFORE_STUDIO_2. L18's tables hold CLINICAL data, so it cannot be the lesser of the two. The remediation is larger (26 call sites, strictly ordered) but effort is not severity.",,,,"Fresh-DB proof that authenticated holds no INSERT/UPDATE/DELETE on the 5 clinical tables, AND a deployed-build charting E2E proving every one of the 26 former direct writers still succeeds through its narrow command. The deploy proof must precede the revoke.",MUST be application-first: move the 26 callers onto narrow commands and DEPLOY before revoking. Revoke-first breaks live charting at apply time.,,"authenticated: sessions SIUD, session_blocks SIUD, electrolysis_entries SIU, laser_entries SIU, treatment_images SIU. anon SELECT-only on all. session_block_areas SELECT-only (0159).",(n/a),,,,,,,,,,,,,,,,,,,,,,,,,,,,,,,,,HN-051,P1,OPEN,REACHABLE_IN_PRODUCTION,true,BEFORE_STUDIO_2,T7-clinical-dml,PR-10 PR-11,L19a,,c64366c9ba4130283932bbe21e32bf2ed62c4975,2026-07-30
docs/production/known-limitations.md,L19a,Broad default table privileges: TRUNCATE granted to anon and authenticated on 64 of 86 tables,P2,2026-07-30,c64366c9ba4130283932bbe21e32bf2ed62c4975,discovered in this reconciliation,Supabase ALTER DEFAULT PRIVILEGES; no migration in 0001-0160 revokes them outside the nine tables 0159 covered.,"NOT BROWSER-REACHABLE: anon, authenticated and service_role are all NOLOGIN; only authenticator (PostgREST) and postgres can connect, and PostgREST exposes no TRUNCATE verb. It is an unsafe default-privilege posture and a defence-in-depth gap, not an exploitable hole — which is why it is P2 and not P0.",,,,"Fresh-DB privilege matrix proving anon and authenticated hold no TRUNCATE/REFERENCES/TRIGGER on any of the 64 tables, plus a drift test that creates a NEW table inside the test and asserts it does not re-acquire them through ALTER DEFAULT PRIVILEGES.",None. Must be swept together with L20 — same root cause.,,"Read-only 2026-07-30: 64/86 public tables grant TRUNCATE to BOTH anon and authenticated, including session_audit, audit_logs, record_keeping_audit_events, appointment_audit, stripe_events, stripe_payment_audit, and 16 payment/portal tables that have RLS enabled with ZERO policies. The nine tables 0159 covered correctly show none.",(n/a),,,,,,,,,,,,,,,,,,,,,,,,,,,,,,,,,HN-052,P2,OPEN,NOT_REACHABLE_IN_PRODUCTION,false,BEFORE_THREE_STUDIOS,T1-privilege,PR-01,,,c64366c9ba4130283932bbe21e32bf2ed62c4975,2026-07-30
docs/production/known-limitations.md,L19b,sessions.appointment_id and treatment_plan_id are same-studio but not same-client validated,P2,2026-07-30,c64366c9ba4130283932bbe21e32bf2ed62c4975,discovered in this reconciliation,0119 deliberately left both mutable so re-linking works; 0160 does not pin them.,"Data-quality/linkage defect, not clinical-content corruption — the treatment stays on the correct client. The fix is a VALIDATING trigger, not a freeze, so re-linking keeps working.",,,,"DB test proving a same-studio PATCH that re-points sessions.appointment_id or sessions.treatment_plan_id at another CLIENT's appointment or plan is rejected by the validating trigger, that legitimate same-client re-linking still succeeds, and that the trigger fires for every role reachable through PostgREST.",None.,,Composite FK on appointment_id enforces same-studio only. Reproduced previously as authenticated: re-point to another client's plan succeeds.,(n/a),,,,,,,,,,,,,,,,,,,,,,,,,,,,,,,,,HN-053,P2,OPEN,REACHABLE_IN_PRODUCTION,true,BEFORE_THREE_STUDIOS,T6-identity,PR-09,,,c64366c9ba4130283932bbe21e32bf2ed62c4975,2026-07-30
docs/production/known-limitations.md,L20,service_role retains TRIGGER on the guarded clinical tables; owner can set session_replication_role,P3,2026-07-30,c64366c9ba4130283932bbe21e32bf2ed62c4975,discovered in this reconciliation,0160 enforces lineage purely with triggers and revokes no TRIGGER privilege.,"Presumes an actor who already holds DDL, who could simply DROP TRIGGER. service_role is NOLOGIN and PostgREST issues no DDL. Defence-in-depth only.",,,,"Fresh-DB proof that service_role holds no TRIGGER privilege on the guarded clinical tables and cannot set session_replication_role, so the 0160 lineage triggers cannot be disabled by any role reachable through PostgREST.",Sweep with L19(a) — same root cause.,,"has_table_privilege('service_role',...,'TRIGGER')=true on the four guarded tables; reproduced on a CI-parity DB via a pg_temp helper. session_replication_role='replica' disables all five guards for the owner.",(n/a),,,,,,,,,,,,,,,,,,,,,,,,,,,,,,,,,HN-054,P3,OPEN,NOT_REACHABLE_IN_PRODUCTION,false,BEFORE_THREE_STUDIOS,T1-privilege,PR-12,,,c64366c9ba4130283932bbe21e32bf2ed62c4975,2026-07-30
docs/production/known-limitations.md,L21,Same-transaction session delete with a block-attached treatment image raises 23503,P3,2026-07-30,c64366c9ba4130283932bbe21e32bf2ed62c4975,discovered in this reconciliation,Two independent ON DELETE SET NULL paths on treatment_images (its own session_id FK and the session_blocks cascade).,"Pre-existing PostgreSQL RI behaviour, not introduced by any Hone migration. Unreachable from the app: no DELETE/ALL RLS policy on sessions, session_blocks or treatment_images, and nothing in app/lib/components hard-deletes them.",,,,"A documented, dated decision record for the residual, or a test proving it no longer applies.",Only if an in-transaction hard-delete path is ever built.,,Reproduced on CI-parity DB and independently re-reproduced; byte-identical with all five 0160 triggers dropped and again with every treatment_images trigger dropped — proven 0160-neutral.,(n/a),,,,,,,,,,,,,,,,,,,,,,,,,,,,,,,,,HN-055,P3,OPEN,NOT_REACHABLE_IN_PRODUCTION,false,POST_GA,NONE,,,P3/POST_GA residual; no PR in this tranche.,c64366c9ba4130283932bbe21e32bf2ed62c4975,2026-07-30
